asin,title,author,narrator,runtime_minutes,runtime_hours,price_usd,star_rating,review_count,value_score,cost_per_hour_usd,credit_worth_ratio,worth_using_credit,categories,cover_image_url,detail_page_url
B005GFQ5WQ,The Count of Monte Cristo,Alexandre Dumas,Bill Homewood,3161,52.68,18.47,5.0,2576,14.26,0.35,1.24,Yes,Classic | Adventure | Fiction,https://m.media-amazon.com/images/I/611Eot7+zJL._SL500_.jpg,https://www.amazon.com/dp/B005GFQ5WQ
B095TS6LLR,War and Peace,"Leo Tolstoy, Louise Maude - translator, Aylmer Maude - translator",Thandiwe Newton,3614,60.23,19.99,4.5,309,13.56,0.33,1.34,Yes,Classic | Historical Fiction | Fiction,https://m.media-amazon.com/images/I/51mkP3asfJL._SL500_.jpg,https://www.amazon.com/dp/B095TS6LLR
1603691634,Gone with the Wind,Margaret Mitchell,Charlton Griffin,2831,47.18,23.28,5.0,20,10.13,0.49,1.56,Yes,Fiction | Historical Fiction | Romance,https://m.media-amazon.com/images/I/514vSgKQa6L._SL500_.jpg,https://www.amazon.com/dp/1603691634
B002UZML5K,The Shadow Rising,Robert Jordan,"Kate Reading, Michael Kramer",2473,41.22,21.40,5.0,816,9.63,0.52,1.43,Yes,Fantasy | Epic Fantasy | Fiction,https://m.media-amazon.com/images/I/51q3FzspIQL._SL500_.jpg,https://www.amazon.com/dp/B002UZML5K
0241429536,Don Quixote,"Miguel Cervantes, John Rutherford - translator","Kayvan Novak, Josh Cohen, Alistair Petrie, Richard Hughes",2357,39.28,18.82,4.5,23,9.39,0.48,1.26,Yes,Fiction | Classic | Adventure,https://m.media-amazon.com/images/I/51S+pJ+Q3OL._SL500_.jpg,https://www.amazon.com/dp/0241429536
B0G5T58YV5,Royal Assassin,Robin Hobb,Joe Eyre,1682,28.03,15.32,5.0,1,9.15,0.55,1.02,Yes,Fantasy | Epic Fantasy | Fiction,https://m.media-amazon.com/images/I/51Ico-0IQoL._SL500_.jpg,https://www.amazon.com/dp/B0G5T58YV5
B0H9SWDSCV,A Classic Pair: Great Expectations & A Woman in White,"Charles Dickens, Wilkie Collins","Stephen Fry, Nicholas Boulton",2981,49.68,21.24,3.9,2595,9.12,0.43,1.42,Yes,Fiction | Classic | Literary Fiction,https://m.media-amazon.com/images/I/41l3OuTk65L._SL500_.jpg,https://www.amazon.com/dp/B0H9SWDSCV
B09JT4PH62,The Eye of the World,Robert Jordan,Rosamund Pike,1975,32.92,20.49,5.0,1341,8.03,0.62,1.37,Yes,Fantasy | Epic Fantasy | Fiction,https://m.media-amazon.com/images/I/51O09ziUqrL._SL500_.jpg,https://www.amazon.com/dp/B09JT4PH62
B0FBCXZ6YK,The Emperor of All Maladies,Siddhartha Mukherjee,Fred Sanders,1647,27.45,17.26,5.0,6,7.95,0.63,1.15,Yes,Non-Fiction | Science | History,https://m.media-amazon.com/images/I/51+o+pS5EqL._SL500_.jpg,https://www.amazon.com/dp/B0FBCXZ6YK
B0036NAYIQ,Jonathan Strange & Mr Norrell,Susanna Clarke,Simon Prebble,1949,32.48,18.56,4.5,947,7.88,0.57,1.24,Yes,Fantasy | Historical Fiction | Fiction,https://m.media-amazon.com/images/I/41MikN7wW1L._SL500_.jpg,https://www.amazon.com/dp/B0036NAYIQ
1250767547,To Sleep in a Sea of Stars,Christopher Paolini,Jennifer Hale,1949,32.48,19.08,4.5,1001,7.66,0.59,1.28,Yes,Science Fiction | Space Opera | Fiction,https://m.media-amazon.com/images/I/51zKJFmTG-L._SL500_.jpg,https://www.amazon.com/dp/1250767547
B00VUSR2OI,Tai-Pan,James Clavell,Gildart Jackson,1931,32.18,21.84,5.0,22,7.37,0.68,1.46,Yes,Historical Fiction | Adventure | Fiction,https://m.media-amazon.com/images/I/416NN3lk+NL._SL500_.jpg,https://www.amazon.com/dp/B00VUSR2OI
B0038GOF7C,Moby Dick,Herman Melville,William Hootkins,1489,24.82,15.37,4.5,729,7.27,0.62,1.03,Yes,Fiction | Classic | Adventure,https://m.media-amazon.com/images/I/51j7zrSt+VL._SL500_.jpg,https://www.amazon.com/dp/B0038GOF7C
B0DTB4QJMW,Crime and Punishment,"Fyodor Dostoevsky, Richard Pevear - translator, Larissa Volokhonsky - translator",Bill Homewood,1684,28.07,20.72,5.0,12,6.77,0.74,1.39,Yes,Classic | Fiction | Philosophy,https://m.media-amazon.com/images/I/411cAfkN7VL._SL500_.jpg,https://www.amazon.com/dp/B0DTB4QJMW
B0077DEH7A,The Stand,Stephen King,Grover Gardner,2820,47.00,35.99,4.7,41200,6.14,0.77,2.41,Yes,Horror | Apocalyptic | Fiction,https://m.media-amazon.com/images/I/51k0sI0qzKL._SL500_.jpg,https://www.amazon.com/dp/B0077DEH7A
B00HWF0MHW,Words of Radiance,Brandon Sanderson,"Kate Reading, Michael Kramer",2880,48.00,39.99,4.8,48100,5.76,0.83,2.67,Yes,Fantasy | Epic Fantasy | Fiction,https://m.media-amazon.com/images/I/51DZfSH5qQL._SL500_.jpg,https://www.amazon.com/dp/B00HWF0MHW
0593415833,The Silk Roads,Peter Frankopan,Laurence Kennedy,1444,24.07,18.81,4.5,144,5.76,0.78,1.26,Yes,Non-Fiction | History | Science,https://m.media-amazon.com/images/I/618j3CHu7zS._SL500_.jpg,https://www.amazon.com/dp/0593415833
1408890704,The Priory of the Orange Tree,Samantha Shannon,Liyah Summers,1552,25.87,17.97,4.0,967,5.76,0.69,1.20,Yes,Fantasy | Epic Fantasy | Fiction,https://m.media-amazon.com/images/I/61-sIwGZqNL._SL500_.jpg,https://www.amazon.com/dp/1408890704
1250759781,Rhythm of War,Brandon Sanderson,"Kate Reading, Michael Kramer",3360,56.00,44.99,4.6,34500,5.73,0.80,3.01,Yes,Fantasy | Epic Fantasy | Fiction,https://m.media-amazon.com/images/I/51+MGwgwVsL._SL500_.jpg,https://www.amazon.com/dp/1250759781
B002UZYX2Y,The Pillars of the Earth,Ken Follett,John Lee,2424,40.40,32.99,4.6,38500,5.63,0.82,2.21,Yes,Historical Fiction | Fiction,https://m.media-amazon.com/images/I/51dmIEgId2L._SL500_.jpg,https://www.amazon.com/dp/B002UZYX2Y
B003ZWFO7E,The Way of Kings,Brandon Sanderson,"Kate Reading, Michael Kramer",2730,45.50,38.99,4.8,52034,5.60,0.86,2.61,Yes,Fantasy | Epic Fantasy | Fiction,https://m.media-amazon.com/images/I/51hAwcG3oNL._SL500_.jpg,https://www.amazon.com/dp/B003ZWFO7E
B00546SXO0,East of Eden,John Steinbeck,Richard Poe,1523,25.38,22.69,5.0,1539,5.59,0.89,1.52,Yes,Fiction | Classic | Historical Fiction,https://m.media-amazon.com/images/I/51Tur5WAoAL._SL500_.jpg,https://www.amazon.com/dp/B00546SXO0
B0718Z5K4C,Oathbringer,Brandon Sanderson,"Kate Reading, Michael Kramer",3060,51.00,42.99,4.7,39800,5.58,0.84,2.88,Yes,Fantasy | Epic Fantasy | Fiction,https://m.media-amazon.com/images/I/51+YovOwdoL._SL500_.jpg,https://www.amazon.com/dp/B0718Z5K4C
B004QISZN6,The Wise Man's Fear,Patrick Rothfuss,Nick Podehl,2520,42.00,34.99,4.6,41900,5.52,0.83,2.34,Yes,Fantasy | Fiction,https://m.media-amazon.com/images/I/51f2XSzLauL._SL500_.jpg,https://www.amazon.com/dp/B004QISZN6
B0FXHVK4Y8,It,Stephen King,Steven Weber,2760,46.00,39.99,4.7,48300,5.41,0.87,2.67,Yes,Horror | Fiction,https://m.media-amazon.com/images/I/61ogAHYXN0L._SL500_.jpg,https://www.amazon.com/dp/B0FXHVK4Y8
B075KKRQPP,The City of Brass,S. A. Chakraborty,Soneela Nankani,1201,20.02,17.17,4.5,305,5.25,0.86,1.15,Yes,Fantasy | Historical Fiction | Fiction,https://m.media-amazon.com/images/I/51RwVew8KkL._SL500_.jpg,https://www.amazon.com/dp/B075KKRQPP
B0036NQ9Z8,A Storm of Swords,George R.R. Martin,Roy Dotrice,2340,39.00,34.99,4.7,71800,5.24,0.90,2.34,Yes,Fantasy | Epic Fantasy | Fiction,https://m.media-amazon.com/images/I/51YCCrh6jML._SL500_.jpg,https://www.amazon.com/dp/B0036NQ9Z8
B002UZMLXM,The Name of the Wind,Patrick Rothfuss,Nick Podehl,1650,27.50,24.99,4.7,47800,5.17,0.91,1.67,Yes,Fantasy | Fiction,https://m.media-amazon.com/images/I/61Csiq-T2hL._SL500_.jpg,https://www.amazon.com/dp/B002UZMLXM
B002UZMLXM,The Name of the Wind,Patrick Rothfuss,Nick Podehl,1650,27.50,24.99,4.7,47800,5.17,0.91,1.67,Yes,Fantasy | Fiction,https://m.media-amazon.com/images/I/61Csiq-T2hL._SL500_.jpg,https://www.amazon.com/dp/B002UZMLXM
B002UZKIBO,A Clash of Kings,George R.R. Martin,Roy Dotrice,2280,38.00,33.99,4.6,62100,5.14,0.89,2.27,Yes,Fantasy | Epic Fantasy | Fiction,https://m.media-amazon.com/images/I/61tt727Of0L._SL500_.jpg,https://www.amazon.com/dp/B002UZKIBO
B002V5CWOY,Jane Eyre,Charlotte Brontë,Juliet Stevenson,1153,19.22,17.00,4.5,219,5.09,0.88,1.14,Yes,Classic | Romance | Fiction,https://m.media-amazon.com/images/I/51IsnmpzPrL._SL500_.jpg,https://www.amazon.com/dp/B002V5CWOY
B0057POQJE,A Dance with Dragons,George R.R. Martin,Roy Dotrice,2640,44.00,38.99,4.5,53700,5.08,0.89,2.61,Yes,Fantasy | Epic Fantasy | Fiction,https://m.media-amazon.com/images/I/51ULknUkH9L._SL500_.jpg,https://www.amazon.com/dp/B0057POQJE
B005UR3VFO,11/22/63,Stephen King,Craig Wasson,1905,31.75,28.99,4.6,32100,5.04,0.91,1.94,Yes,Science Fiction | Time Travel | Fiction,https://m.media-amazon.com/images/I/51b3MJwd2YL._SL500_.jpg,https://www.amazon.com/dp/B005UR3VFO
B0BK9R53FT,SPQR,"Mary Beard, Silvia Furió - translator",Neus Sendra,1049,17.48,15.65,4.5,7,5.03,0.90,1.05,Yes,Non-Fiction | History | Science,https://m.media-amazon.com/images/I/511uvcPR8JL._SL500_.jpg,https://www.amazon.com/dp/B0BK9R53FT
B004VMD7BW,The Grapes of Wrath,"John Steinbeck, Robert DeMott, Robert DeMott - introduction",Dylan Baker,1261,21.02,19.07,4.5,1441,4.96,0.91,1.28,Yes,Fiction | Classic | Historical Fiction,https://m.media-amazon.com/images/I/41MpdGpGR7L._SL500_.jpg,https://www.amazon.com/dp/B004VMD7BW
B0FDNJ1GH7,LOVE in the TIME of CHOLERA BOOK SUMMARY,Raja Babu,,1200,20.00,17.57,4.3,1808,4.89,0.88,1.18,Yes,Fiction | Romance | Literary Fiction,https://m.media-amazon.com/images/I/41UeERcQ5VL._SL500_.jpg,https://www.amazon.com/dp/B0FDNJ1GH7
B00WYDJ2YQ,48 Laws of Power,Robert Greene,Richard Poe,1386,23.10,21.60,4.5,2238,4.81,0.94,1.44,Yes,Self-Help | Business | Psychology,https://m.media-amazon.com/images/I/41dTDMW9IhL._SL500_.jpg,https://www.amazon.com/dp/B00WYDJ2YQ
B002V1CJ8W,Outlander,Diana Gabaldon,Davina Porter,1920,32.00,29.99,4.5,56800,4.80,0.94,2.01,Yes,Historical Fiction | Romance | Fantasy | Fiction,https://m.media-amazon.com/images/I/415mLo-ZW6L._SL500_.jpg,https://www.amazon.com/dp/B002V1CJ8W
0008487278,The Fellowship of the Ring,J.R.R. Tolkien,Rob Inglis,1200,20.00,19.99,4.8,95300,4.80,1.00,1.34,Yes,Fantasy | Classic | Fiction,https://m.media-amazon.com/images/I/61irmlqdpWL._SL500_.jpg,https://www.amazon.com/dp/0008487278
B005V0QI82,Steve Jobs,Walter Isaacson,Dylan Baker,1500,25.00,23.99,4.6,41600,4.79,0.96,1.60,Yes,Biography | Business | Non-Fiction,https://m.media-amazon.com/images/I/51S2iJN3DYL._SL500_.jpg,https://www.amazon.com/dp/B005V0QI82
PENDING_0001,The Diary of a Young Girl,Anne Frank,,1140,19.00,15.53,3.9,2962,4.77,0.82,1.04,Yes,Biography | Memoir | History,,
B002UZZ93G,A Game of Thrones,George R.R. Martin,Roy Dotrice,2028,33.80,31.99,4.5,89200,4.75,0.95,2.14,Yes,Fantasy | Epic Fantasy | Fiction,https://m.media-amazon.com/images/I/51y1J8oFBqL._SL500_.jpg,https://www.amazon.com/dp/B002UZZ93G
B0BX4SCV1V,Elon Musk,"Walter Isaacson, Walter Isaacson - introduction",Jeremy Bobb,1239,20.65,21.78,5.0,2353,4.74,1.05,1.46,Yes,Biography | Technology | Business,https://m.media-amazon.com/images/I/41K9V8Va7PL._SL500_.jpg,https://www.amazon.com/dp/B0BX4SCV1V
FINAL_0007,Man Search for Meaning,Viktor E. Frankl,,1200,20.00,17.31,4.1,2913,4.74,0.87,1.16,Yes,Self-Help | Psychology | Philosophy,,
B002V0QCYU,Mistborn: The Final Empire,Brandon Sanderson,Michael Kramer,1500,25.00,24.99,4.7,38900,4.70,1.00,1.67,Yes,Fantasy | Fiction,https://m.media-amazon.com/images/I/61rYqiz8yJL._SL500_.jpg,https://www.amazon.com/dp/B002V0QCYU
B0797FYNDC,Pet Sematary,Stephen King,Michael C. Hall,941,15.68,16.93,5.0,2406,4.63,1.08,1.13,Yes,Horror | Supernatural | Fiction,https://m.media-amazon.com/images/I/51F-mHChJ-L._SL500_.jpg,https://www.amazon.com/dp/B0797FYNDC
1250774039,Wolf Hall,Hilary Mantel,Ben Miles,1512,25.20,24.51,4.5,156,4.63,0.97,1.64,Yes,Historical Fiction | Fiction | Biography,https://m.media-amazon.com/images/I/41Ajzh1tcDL._SL500_.jpg,https://www.amazon.com/dp/1250774039
B004CNGLYA,The 4-Hour Body,Timothy Ferriss,Timothy Ferriss,1860,31.00,29.99,4.4,14300,4.55,0.97,2.01,Yes,Self-Help | Health | Non-Fiction,https://m.media-amazon.com/images/I/51DzQS8OpnL._SL500_.jpg,https://www.amazon.com/dp/B004CNGLYA
FINAL_623742000,The Handmaids Tale,Margaret Atwood,,960,16.00,14.97,4.2,1516,4.49,0.94,1.00,Yes,Dystopian | Fiction | Classic,,
B002V1A2EA,The Return of the King,J.R.R. Tolkien,Rob Inglis,1140,19.00,20.99,4.9,91200,4.44,1.10,1.40,Yes,Fantasy | Classic | Fiction,https://m.media-amazon.com/images/I/61zqaL0LISL._SL500_.jpg,https://www.amazon.com/dp/B002V1A2EA
B002V0M190,Under the Dome,Stephen King,Esparanza,2040,34.00,32.99,4.3,26800,4.43,0.97,2.21,Yes,Horror | Science Fiction | Fiction,https://m.media-amazon.com/images/I/41031cyN0-L._SL500_.jpg,https://www.amazon.com/dp/B002V0M190
B07Q3NN5JK,The Blade Itself,Joe Abercrombie,Steven Pacey,1380,23.00,23.99,4.6,18300,4.41,1.04,1.60,Yes,Fantasy | Fiction,https://m.media-amazon.com/images/P/B07Q3NN5JK._SL500_.jpg,https://www.amazon.com/dp/B07Q3NN5JK
B0036IU752,The Blade Itself,Joe Abercrombie,Steven Pacey,1380,23.00,23.99,4.6,18300,4.41,1.04,1.60,Yes,Fantasy | Fiction,https://m.media-amazon.com/images/P/B0036IU752._SL500_.jpg,https://www.amazon.com/dp/B0036IU752
0593163389,The Lies of Locke Lamora,Scott Lynch,Michael Page,1380,23.00,23.99,4.6,22700,4.41,1.04,1.60,Yes,Fantasy | Fiction,https://m.media-amazon.com/images/I/51SUOw0KeOL._SL500_.jpg,https://www.amazon.com/dp/0593163389
B006LPIVL8,A Feast for Crows,George R.R. Martin,Roy Dotrice,1860,31.00,30.99,4.4,48200,4.40,1.00,2.07,Yes,Fantasy | Epic Fantasy | Fiction,https://m.media-amazon.com/images/I/51RZweAZmiL._SL500_.jpg,https://www.amazon.com/dp/B006LPIVL8
B012BNY8RY,Six of Crows,Leigh Bardugo,"Jay Snyder, Brandon Rubin, Fred Berman, Lauren Fortgang, Roger Clark, Elizabeth Evans, Tristan Morris",904,15.07,15.40,4.5,1474,4.40,1.02,1.03,Yes,Fantasy | Young Adult | Fiction,https://m.media-amazon.com/images/I/51BnGrf9qQL._SL500_.jpg,https://www.amazon.com/dp/B012BNY8RY
B002UUKWCY,Snow Crash,Neal Stephenson,Jonathan Davis,1023,17.05,15.55,4.0,1388,4.39,0.91,1.04,Yes,Science Fiction | Cyberpunk | Fiction,https://m.media-amazon.com/images/I/51F-1GJA2ML._SL500_.jpg,https://www.amazon.com/dp/B002UUKWCY
B0036JVO6G,The Da Vinci Code,Dan Brown,Paul Michael,1019,16.98,17.53,4.5,719,4.36,1.03,1.17,Yes,Mystery | Thriller | Fiction,https://m.media-amazon.com/images/I/41-Oo4jkj1L._SL500_.jpg,https://www.amazon.com/dp/B0036JVO6G
B00HCQCGJ8,The Name of the Rose,Umberto Eco,"Sean Barrett, Neville Jason, Nicholas Rowe",1265,21.08,21.86,4.5,216,4.34,1.04,1.46,Yes,Historical Fiction | Mystery | Fiction,https://m.media-amazon.com/images/I/51krfPoxS8L._SL500_.jpg,https://www.amazon.com/dp/B00HCQCGJ8
B0DKVMNQDB,Best Served Cold,Joe Abercrombie,Steven Pacey,1380,23.00,23.99,4.5,16200,4.31,1.04,1.60,Yes,Fantasy | Fiction,https://m.media-amazon.com/images/I/51MCn06W4WL._SL500_.jpg,https://www.amazon.com/dp/B0DKVMNQDB
0008487286,The Two Towers,J.R.R. Tolkien,Rob Inglis,1020,17.00,18.99,4.8,87600,4.30,1.12,1.27,Yes,Fantasy | Classic | Fiction,https://m.media-amazon.com/images/I/61YMnN7VzmL._SL500_.jpg,https://www.amazon.com/dp/0008487286
B002V1OF70,Dune,Frank Herbert,"Scott Brick, Orlagh Cassidy, Ilyana Kadushin, cast",1290,21.50,22.99,4.6,51800,4.30,1.07,1.54,Yes,Science Fiction | Classic | Fiction,https://m.media-amazon.com/images/I/41rrXYM-wHL._SL500_.jpg,https://www.amazon.com/dp/B002V1OF70
B074TXRQDM,CATCH-22,Joseph Heller,Jay O. Sanders,1198,19.97,20.91,4.5,407,4.30,1.05,1.40,Yes,Fiction | Humor | Classic,https://m.media-amazon.com/images/I/51d2mbYwEkL._SL500_.jpg,https://www.amazon.com/dp/B074TXRQDM
B005TKKCWC,"Thinking, Fast and Slow",Daniel Kahneman,Patrick Egan,1200,20.00,20.99,4.5,35600,4.29,1.05,1.40,Yes,Psychology | Business | Non-Fiction,https://m.media-amazon.com/images/I/41JgsMOR9wL._SL500_.jpg,https://www.amazon.com/dp/B005TKKCWC
B0085XRNWM,Gone Girl,Gillian Flynn,"Julia Whelan, Kirby Heyborne",1158,19.30,19.99,4.3,47800,4.15,1.04,1.34,Yes,Thriller | Mystery | Fiction,https://m.media-amazon.com/images/I/41x6HtLdEhL._SL500_.jpg,https://www.amazon.com/dp/B0085XRNWM
B0H728M1GQ,Becoming,Michelle Obama,Michelle Obama,1140,19.00,21.99,4.8,96800,4.15,1.16,1.47,Yes,Biography | Memoir | Non-Fiction,https://m.media-amazon.com/images/I/51yAEeg3vqL._SL500_.jpg,https://www.amazon.com/dp/B0H728M1GQ
B008PEX62M,'Salem's Lot,"Stephen King, Joe Hill - introduction","Ron McLarty, Joe Hill",1057,17.62,19.12,4.5,1465,4.15,1.09,1.28,Yes,Horror | Supernatural | Fiction,https://m.media-amazon.com/images/I/41KsvPh5sdL._SL500_.jpg,https://www.amazon.com/dp/B008PEX62M
B00NYBQKFQ,The Nightingale,Kristin Hannah,Polly Stone,1020,17.00,19.99,4.8,58600,4.08,1.18,1.34,Yes,Historical Fiction | Fiction,https://m.media-amazon.com/images/I/51lJVAGTuNL._SL500_.jpg,https://www.amazon.com/dp/B00NYBQKFQ
B0H956N76W,Bram Stoker's Dracula,"Bram Stoker, Robyn Ahern - adaptation","Jonathan Bailey, Ella Purnell, Aimee Lou Wood, Louis Partridge, David Jonsson, Johnny Flynn, Lesley Manville, Maggie Gyllenhaal",960,16.00,15.43,3.9,2121,4.04,0.96,1.03,Yes,Classic | Horror | Fiction,https://m.media-amazon.com/images/I/51zX1-P-xVL._SL500_.jpg,https://www.amazon.com/dp/B0H956N76W
B00CAVOFNU,The Cuckoo's Calling,Robert Galbraith,Robert Glenister,953,15.88,17.84,4.5,99,4.01,1.12,1.19,Yes,Mystery | Thriller | Fiction,https://m.media-amazon.com/images/I/61tmefshS7L._SL500_.jpg,https://www.amazon.com/dp/B00CAVOFNU
B002UZKYDQ,The Help,Kathryn Stockett,"Jenna Lamia, Bahni Turpin, Octavia Spencer, Cassandra Campbell",1020,17.00,19.99,4.7,44100,4.00,1.18,1.34,Yes,Historical Fiction | Literary Fiction | Fiction,https://m.media-amazon.com/images/I/513lJz2uywL._SL500_.jpg,https://www.amazon.com/dp/B002UZKYDQ
B0F6FKS98Z,Leviathan Wakes,James S.A. Corey,Jefferson Mays,1140,19.00,21.99,4.6,31700,3.97,1.16,1.47,Yes,Science Fiction | Space Opera | Fiction,https://m.media-amazon.com/images/I/51fexTANMLL._SL500_.jpg,https://www.amazon.com/dp/B0F6FKS98Z
B06XV1PVF5,Cosmos,Carl Sagan,"LeVar Burton, Seth MacFarlane, Neil deGrasse Tyson, Ann Druyan",871,14.52,16.66,4.5,653,3.92,1.15,1.11,Yes,Non-Fiction | Science | History,https://m.media-amazon.com/images/I/51e91glnHUL._SL500_.jpg,https://www.amazon.com/dp/B06XV1PVF5
B002V1NT6I,New Moon,Stephenie Meyer,Ilyana Kadushin,891,14.85,17.15,4.5,554,3.90,1.15,1.15,Yes,Young Adult | Romance | Fantasy,https://m.media-amazon.com/images/I/41nWb6aqWoL._SL500_.jpg,https://www.amazon.com/dp/B002V1NT6I
B01DYO4QRQ,A Court of Mist and Fury,Sarah J. Maas,Jennifer Ikeda,960,16.00,19.99,4.8,85600,3.84,1.25,1.34,Yes,Fantasy | Romance | Young Adult | Fiction,https://m.media-amazon.com/images/I/51J8T7o92gL._SL500_.jpg,https://www.amazon.com/dp/B01DYO4QRQ
PENDING_0002,I Claudius,Robert Graves,,1080,18.00,20.43,4.3,738,3.79,1.14,1.37,Yes,Historical Fiction | Classic | Fiction,,
B08G9PRS1K,Project Hail Mary,Andy Weir,Ray Porter,960,16.00,20.99,4.9,71200,3.74,1.31,1.40,Yes,Science Fiction | Adventure | Fiction,https://m.media-amazon.com/images/I/51POf8gOyLL._SL500_.jpg,https://www.amazon.com/dp/B08G9PRS1K
B07DHS7PP5,Ready Player One,Ernest Cline,Wil Wheaton,900,15.00,18.99,4.7,62400,3.71,1.27,1.27,Yes,Science Fiction | Cyberpunk | Fiction,https://m.media-amazon.com/images/I/31Dp7Y5crzL._SL500_.jpg,https://www.amazon.com/dp/B07DHS7PP5
B002V00YSK,The Book Thief,Markus Zusak,Allan Corduner,900,15.00,18.99,4.7,39600,3.71,1.27,1.27,Yes,Historical Fiction | Literary Fiction | Fiction,https://m.media-amazon.com/images/I/51Rs-tsiwBL._SL500_.jpg,https://www.amazon.com/dp/B002V00YSK
FINAL_0006,The Book of Joy,Dalai Lama,,1020,17.00,19.30,4.2,1204,3.70,1.14,1.29,Yes,Self-Help | Spirituality | Psychology,,
B01LBGCRPW,The Obelisk Gate,N.K. Jemisin,Robin Miles,960,16.00,19.99,4.6,13400,3.68,1.25,1.34,Yes,Fantasy | Science Fiction | Fiction,https://m.media-amazon.com/images/I/71Ta3JXr5yL._SL500_.jpg,https://www.amazon.com/dp/B01LBGCRPW
B002V0KFPW,A Short History of Nearly Everything,Bill Bryson,Bill Bryson,960,16.00,19.99,4.6,41700,3.68,1.25,1.34,Yes,Science | Non-Fiction | History,https://m.media-amazon.com/images/I/41C6x58eFwL._SL500_.jpg,https://www.amazon.com/dp/B002V0KFPW
PENDING_0006,Redshirts,John Scalzi,,1080,18.00,19.17,3.9,3483,3.66,1.07,1.28,Yes,Science Fiction | Humor | Fiction,,
B0055274U2,American Gods,Neil Gaiman,"Neil Gaiman, George Guidall",1140,19.00,22.99,4.4,34100,3.64,1.21,1.54,Yes,Fantasy | Mythology | Fiction,https://m.media-amazon.com/images/I/51LE+fvC0FL._SL500_.jpg,https://www.amazon.com/dp/B0055274U2
B0741G911Q,Sapiens: A Brief History of Humankind,Yuval Noah Harari,Derek Perkins,900,15.00,18.99,4.6,53400,3.63,1.27,1.27,Yes,History | Non-Fiction | Science,https://m.media-amazon.com/images/I/41HWFhtig3L._SL500_.jpg,https://www.amazon.com/dp/B0741G911Q
B004QDTA9Y,The Selfish Gene,Richard Dawkins,"Richard Dawkins, Lalla Ward",960,16.00,19.99,4.5,18600,3.60,1.25,1.34,Yes,Science | Non-Fiction,https://m.media-amazon.com/images/I/51iqpxo43PL._SL500_.jpg,https://www.amazon.com/dp/B004QDTA9Y
B07KRNNLFF,"The Black Swan, Second Edition: The Impact of the Highly Improbable: With a new section: ""On Robustness and Fragility""",Nassim Nicholas Taleb,Joe Ochman,948,15.80,19.78,4.5,137,3.59,1.25,1.32,Yes,Non-Fiction | Economics | Business,https://m.media-amazon.com/images/I/4175QzgAz0L._SL500_.jpg,https://www.amazon.com/dp/B07KRNNLFF
B071Y9TTHC,Children of Time,Adrian Tchaikovsky,Mel Hudson,900,15.00,18.99,4.5,21400,3.55,1.27,1.27,Yes,Science Fiction | Fiction,https://m.media-amazon.com/images/I/51tuexbxdIL._SL500_.jpg,https://www.amazon.com/dp/B071Y9TTHC
1549102567,The Fifth Season,N.K. Jemisin,Robin Miles,900,15.00,18.99,4.5,19800,3.55,1.27,1.27,Yes,Fantasy | Science Fiction | Fiction,https://m.media-amazon.com/images/I/61cBb0Zra4L._SL500_.jpg,https://www.amazon.com/dp/1549102567
B00K8F589A,Big Little Lies,Liane Moriarty,Caroline Lee,900,15.00,18.99,4.5,31800,3.55,1.27,1.27,Yes,Mystery | Literary Fiction | Fiction,https://m.media-amazon.com/images/I/51XeHS37PBL._SL500_.jpg,https://www.amazon.com/dp/B00K8F589A
B0G5SMXT5S,Assassin’s Apprentice,Robin Hobb,Joe Eyre,995,16.58,23.42,5.0,2,3.54,1.41,1.57,Yes,Fantasy | Epic Fantasy | Fiction,https://m.media-amazon.com/images/I/51xcKNHBEvL._SL500_.jpg,https://www.amazon.com/dp/B0G5SMXT5S
B002UZJJHI,The Poisonwood Bible,Barbara Kingsolver,Dean Robertson,934,15.57,19.78,4.5,1450,3.54,1.27,1.32,Yes,Literary Fiction | Historical Fiction | Fiction,https://m.media-amazon.com/images/I/51rVb+VjN-L._SL500_.jpg,https://www.amazon.com/dp/B002UZJJHI
B002V0QUJC,The Shadow of the Wind,Carlos Ruiz Zafón,Jonathan Davis,1080,18.00,22.99,4.5,18900,3.52,1.28,1.54,Yes,Literary Fiction | Mystery | Fiction,https://m.media-amazon.com/images/I/51TEkM+zRKL._SL500_.jpg,https://www.amazon.com/dp/B002V0QUJC
B004G7VN04,"Guns, Germs, and Steel",Jared Diamond,Doug Ordunio,960,16.00,19.99,4.4,27800,3.52,1.25,1.34,Yes,History | Non-Fiction | Science,https://m.media-amazon.com/images/I/51Oi+FcrkKL._SL500_.jpg,https://www.amazon.com/dp/B004G7VN04
PENDING_0004,Insurgent,Veronica Roth,,1020,17.00,20.28,4.2,2327,3.52,1.19,1.36,Yes,Young Adult | Dystopian | Fiction,,
B01N4DCBK6,Homo Deus: A Brief History of Tomorrow,Yuval Noah Harari,Derek Perkins,840,14.00,17.99,4.5,21900,3.50,1.29,1.20,Yes,History | Non-Fiction | Science,https://m.media-amazon.com/images/I/412a-nmrw8L._SL500_.jpg,https://www.amazon.com/dp/B01N4DCBK6
FINAL_0003,The Story of Philosophy,Will Durant,,1080,18.00,20.55,4.0,804,3.50,1.14,1.37,Yes,Non-Fiction | Philosophy | History,,
B00V95QQXA,The Intelligent Investor Rev Ed.,Benjamin Graham,Luke Daniels,1068,17.80,22.94,4.5,422,3.49,1.29,1.53,Yes,Business | Finance | Self-Help,https://m.media-amazon.com/images/I/41apexh1AhL._SL500_.jpg,https://www.amazon.com/dp/B00V95QQXA
B0DJH9WJ23,The Road to Tender Hearts,Annie Hartnett,Mark Bramhall,708,11.80,16.97,5.0,722,3.48,1.44,1.14,Yes,Apocalyptic | Fiction | Horror,https://m.media-amazon.com/images/I/512voK9-8wL._SL500_.jpg,https://www.amazon.com/dp/B0DJH9WJ23
FINAL_0008,Can Hurt Me,David Goggins,,720,12.00,14.86,4.3,3168,3.47,1.24,0.99,No,Self-Help | Memoir | Psychology,,
B0F1DQ52N6,The Stone Sky,N.K. Jemisin,Robin Miles,840,14.00,18.99,4.7,12100,3.46,1.36,1.27,Yes,Fantasy | Science Fiction | Fiction,https://m.media-amazon.com/images/I/61NTtQuCllL._SL500_.jpg,https://www.amazon.com/dp/B0F1DQ52N6
B0C9V5SLQQ,Iron Flame,Rebecca Yarros,"Rebecca Soler, Teddy Hamilton",840,14.00,18.99,4.7,68200,3.46,1.36,1.27,Yes,Fantasy | Romance | Young Adult | Fiction,https://m.media-amazon.com/images/I/61ECOUEnoTL._SL500_.jpg,https://www.amazon.com/dp/B0C9V5SLQQ
FINAL_623742001,Salems Lot,Stephen King,,1080,18.00,21.34,4.1,1101,3.46,1.19,1.43,Yes,Horror | Supernatural | Fiction,,
0593457579,The Love Hypothesis,Ali Hazelwood,"Callie Dalton, Teddy Hamilton",711,11.85,15.45,4.5,1055,3.45,1.30,1.03,Yes,Romance | Contemporary | Fiction,https://m.media-amazon.com/images/I/51ABnrQIg1L._SL500_.jpg,https://www.amazon.com/dp/0593457579
FINAL_0001,Ready Player Two,Ernest Cline,,1140,19.00,23.10,4.2,1263,3.45,1.22,1.55,Yes,Science Fiction | Cyberpunk | Fiction,,
B0036NDRG2,The Girl with the Dragon Tattoo,Stieg Larsson,Simon Vance,1020,17.00,21.99,4.4,38900,3.40,1.29,1.47,Yes,Mystery | Thriller | Fiction,https://m.media-amazon.com/images/I/51OWqvPJDFL._SL500_.jpg,https://www.amazon.com/dp/B0036NDRG2
B00Y1HN2QC,To Kill a Mockingbird,Harper Lee,Sissy Spacek,720,12.00,16.99,4.8,72100,3.39,1.42,1.14,Yes,Literary Fiction | Classic | Fiction,https://m.media-amazon.com/images/I/51Tu-BTfewL._SL500_.jpg,https://www.amazon.com/dp/B00Y1HN2QC
B07FSNSLZ1,Where the Crawdads Sing,Delia Owens,Cassandra Campbell,720,12.00,16.99,4.8,86400,3.39,1.42,1.14,Yes,Literary Fiction | Mystery | Fiction,https://m.media-amazon.com/images/I/51MnNmMUHhL._SL500_.jpg,https://www.amazon.com/dp/B07FSNSLZ1
B072359S7K,The Seven Husbands of Evelyn Hugo,Taylor Jenkins Reid,"Alma Cuervo, Julia Whelan, Robin Miles",720,12.00,16.99,4.8,68500,3.39,1.42,1.14,Yes,Historical Fiction | Literary Fiction | Fiction,https://m.media-amazon.com/images/I/51aJaxiNQ0L._SL500_.jpg,https://www.amazon.com/dp/B072359S7K
B002V8MTJ4,Oliver Twist,Charles Dickens,Martin Jarvis,977,16.28,21.63,4.5,30,3.39,1.33,1.45,Yes,Fiction | Classic | Literary Fiction,https://m.media-amazon.com/images/I/51JdX6IbQyL._SL500_.jpg,https://www.amazon.com/dp/B002V8MTJ4
B0DPG76K67,"(PDF) Dog Vaccination Record Pet Passport And Medical Record Book:: dog vaccination record log book Puppies Vaccine Log Book, Dog Health Notebook, Dog ... Reminder Book, 120 Pages 6'x9' INCHES Ki",Nicholas Sparks,,780,13.00,15.96,4.1,3306,3.34,1.23,1.07,Yes,Romance | Contemporary | Fiction,,https://www.amazon.com/dp/B0DPG76K67
B002V0KKHK,A Confederacy of Dunces,John Kennedy Toole,Barrett Whitener,812,13.53,16.26,4.0,813,3.33,1.20,1.09,Yes,Fiction | Humor | Classic,https://m.media-amazon.com/images/I/51oQT7IzWwL._SL500_.jpg,https://www.amazon.com/dp/B002V0KKHK
B0773Z4GB6,A Tale of Two Cities,"Charles Dickens, Simon Callow - introduction",Simon Callow,900,15.00,20.30,4.5,386,3.33,1.35,1.36,Yes,Fiction | Classic | Historical Fiction,https://m.media-amazon.com/images/I/51EXuEOQIiL._SL500_.jpg,https://www.amazon.com/dp/B0773Z4GB6
B002V8H0S4,The Kite Runner,Khaled Hosseini,Khaled Hosseini,720,12.00,16.99,4.7,48900,3.32,1.42,1.14,Yes,Historical Fiction | Literary Fiction | Fiction,https://m.media-amazon.com/images/I/51sBgt64NIL._SL500_.jpg,https://www.amazon.com/dp/B002V8H0S4
B075F8MBMQ,Educated,Tara Westover,Julia Whelan,720,12.00,16.99,4.7,72800,3.32,1.42,1.14,Yes,Biography | Memoir | Non-Fiction,https://m.media-amazon.com/images/I/41goWDE1PUL._SL500_.jpg,https://www.amazon.com/dp/B075F8MBMQ
0593412702,The Body Keeps the Score,Bessel van der Kolk,Sean Pratt,780,13.00,17.99,4.6,22400,3.32,1.38,1.20,Yes,Psychology | Health | Non-Fiction,https://m.media-amazon.com/images/I/41ubqX+ZoAL._SL500_.jpg,https://www.amazon.com/dp/0593412702
B0BVD25SYT,Fourth Wing,Rebecca Yarros,"Rebecca Soler, Teddy Hamilton",720,12.00,16.99,4.7,95100,3.32,1.42,1.14,Yes,Fantasy | Romance | Young Adult | Fiction,https://m.media-amazon.com/images/I/61DeDp4b3GL._SL500_.jpg,https://www.amazon.com/dp/B0BVD25SYT
B0GRCYHW97,A Court of Thorns and Roses,Sarah J. Maas,Jennifer Ikeda,780,13.00,17.99,4.6,72400,3.32,1.38,1.20,Yes,Fantasy | Romance | Young Adult | Fiction,https://m.media-amazon.com/images/I/41f1gzVyhPL._SL500_.jpg,https://www.amazon.com/dp/B0GRCYHW97
B077B41FSH,Life of Pi,Yann Martel,Rajiv Surendra,769,12.82,17.35,4.5,1,3.32,1.35,1.16,Yes,Literary Fiction | Adventure | Fiction,https://m.media-amazon.com/images/I/51WtfxItudL._SL500_.jpg,https://www.amazon.com/dp/B077B41FSH
B0D6X4PVBZ,Circe,Madeline Miller,Perdita Weeks,660,11.00,15.99,4.8,26800,3.30,1.45,1.07,Yes,Fantasy | Mythology | Historical Fiction | Fiction,https://m.media-amazon.com/images/I/51PB-IQNi0L._SL500_.jpg,https://www.amazon.com/dp/B0D6X4PVBZ
B002V0RK78,A Thousand Splendid Suns,Khaled Hosseini,Atossa Leoni,660,11.00,15.99,4.8,43200,3.30,1.45,1.07,Yes,Historical Fiction | Literary Fiction | Fiction,https://m.media-amazon.com/images/I/61OcTZgtrbL._SL500_.jpg,https://www.amazon.com/dp/B002V0RK78
B0D6P455PH,The Hunger Games,Suzanne Collins,Carolyn McCormick,684,11.40,15.99,4.6,65200,3.28,1.40,1.07,Yes,Young Adult | Dystopian | Fiction,https://m.media-amazon.com/images/I/41oFuJ88q6L._SL500_.jpg,https://www.amazon.com/dp/B0D6P455PH
B002VA9U0S,Emotional Intelligence,Daniel Goleman Ph.D.,Barrett Whitener,812,13.53,16.48,4.0,371,3.28,1.22,1.10,Yes,Self-Help | Psychology | Business,https://m.media-amazon.com/images/I/51eYN7dRy2L._SL500_.jpg,https://www.amazon.com/dp/B002VA9U0S
B00354ZSS2,Neverwhere,Neil Gaiman,Neil Gaiman,780,13.00,17.99,4.5,19200,3.25,1.38,1.20,Yes,Fantasy | Urban Fantasy | Fiction,https://m.media-amazon.com/images/I/41yNdwUu5PL._SL500_.jpg,https://www.amazon.com/dp/B00354ZSS2
B008OLF29Q,The Shining,Stephen King,Campbell Scott,720,12.00,16.99,4.6,41200,3.25,1.42,1.14,Yes,Horror | Fiction,https://m.media-amazon.com/images/I/513x+J9aAHL._SL500_.jpg,https://www.amazon.com/dp/B008OLF29Q
B0035FVJQQ,The Immortal Life of Henrietta Lacks,Rebecca Skloot,"Cassandra Campbell, Bahni Turpin",720,12.00,16.99,4.6,21400,3.25,1.42,1.14,Yes,Science | Biography | Non-Fiction,https://m.media-amazon.com/images/I/51UD4Yxj6rL._SL500_.jpg,https://www.amazon.com/dp/B0035FVJQQ
B002V5HAL4,The 7 Habits of Highly Effective People,Stephen R. Covey,Stephen R. Covey,780,13.00,17.99,4.5,34600,3.25,1.38,1.20,Yes,Self-Help | Business | Non-Fiction,https://m.media-amazon.com/images/I/51OuvCFwyZL._SL500_.jpg,https://www.amazon.com/dp/B002V5HAL4
B081B7JM9F,Little Women,Louisa May Alcott,"Emily Bauer, Laura Dern, Lauren Fortgang, Allison Hiroto, Carly Robins, Suzanne Toren",735,12.25,16.96,4.5,546,3.25,1.38,1.13,Yes,Fiction | Classic | Young Adult,https://m.media-amazon.com/images/I/51uhxLrvMiL._SL500_.jpg,https://www.amazon.com/dp/B081B7JM9F
B002V8N9VG,Speaker for the Dead,Orson Scott Card,"David Birney, Stefan Rudnicki",848,14.13,19.57,4.5,952,3.25,1.38,1.31,Yes,Science Fiction | Space Opera | Fiction,https://m.media-amazon.com/images/I/51fZOp-2C9L._SL500_.jpg,https://www.amazon.com/dp/B002V8N9VG
B07KKMNZCH,Can't Hurt Me,David Goggins,"David Goggins, Adam Skolnick",660,11.00,15.99,4.7,56200,3.23,1.45,1.07,Yes,Self-Help | Biography | Non-Fiction,https://m.media-amazon.com/images/I/51TNypSYkoL._SL500_.jpg,https://www.amazon.com/dp/B07KKMNZCH
B002V1M6IA,For Whom the Bell Tolls,Ernest Hemingway,Campbell Scott,977,16.28,22.67,4.5,559,3.23,1.39,1.52,Yes,Fiction | Classic | Literary Fiction,https://m.media-amazon.com/images/I/51amkiVsz9L._SL500_.jpg,https://www.amazon.com/dp/B002V1M6IA
B00W8DCTJ2,"The Long Way to a Small, Angry Planet",Becky Chambers,Patricia Rodriguez Rodriguez,941,15.68,22.02,4.5,33,3.21,1.40,1.47,Yes,Science Fiction | Space Opera | Fiction,https://m.media-amazon.com/images/I/51NZWHPhklL._SL500_.jpg,https://www.amazon.com/dp/B00W8DCTJ2
B00ANPX7IE,Me Before You,Jojo Moyes,"Susan Lyons, Anna Bentink, Steven Crossley, Alex Tregear, Andrew Wincott, Owen Lindsay",880,14.67,20.63,4.5,2313,3.20,1.41,1.38,Yes,Romance | Contemporary | Fiction,https://m.media-amazon.com/images/I/41RcepPXgpL._SL500_.jpg,https://www.amazon.com/dp/B00ANPX7IE
B002V1NG16,The Golden Compass,Philip Pullman,"Philip Pullman, Joanna Wyatt, Rupert Degas, Alison Dowling, Douglas Blackwell, Jill Shilling, Stephen Thorne, Sean Barrett, Garrick Hagon, John O'Connor, Susan Sheridan, Full Cast",633,10.55,14.82,4.5,807,3.20,1.40,0.99,No,Young Adult | Fantasy | Fiction,https://m.media-amazon.com/images/I/51i0iVxL0LL._SL500_.jpg,https://www.amazon.com/dp/B002V1NG16
B002V5D34W,Hyperion,Dan Simmons,"Marc Vietor, Allyson Johnson, Kevin Pariseau, Jay Snyder, cast",720,12.00,16.99,4.5,24600,3.18,1.42,1.14,Yes,Science Fiction | Space Opera | Fiction,https://m.media-amazon.com/images/I/51F+q5aqJML._SL500_.jpg,https://www.amazon.com/dp/B002V5D34W
B07DHS7PP5,21 Lessons for the 21st Century,Yuval Noah Harari,Derek Perkins,780,13.00,17.99,4.4,14500,3.18,1.38,1.20,Yes,History | Non-Fiction | Philosophy,https://m.media-amazon.com/images/I/31Dp7Y5crzL._SL500_.jpg,https://www.amazon.com/dp/B07DHS7PP5
B09CHBJYZC,Throne of Glass,Sarah J. Maas,Elizabeth Evans,720,12.00,16.99,4.5,38900,3.18,1.42,1.14,Yes,Fantasy | Young Adult | Fiction,https://m.media-amazon.com/images/I/41rONy0q1OL._SL500_.jpg,https://www.amazon.com/dp/B09CHBJYZC
B0D63FJ2ZK,1984,George Orwell,Simon Prebble,660,11.00,15.99,4.6,58700,3.16,1.45,1.07,Yes,Classic | Dystopian | Science Fiction | Fiction,https://m.media-amazon.com/images/I/514COylmqRL._SL500_.jpg,https://www.amazon.com/dp/B0D63FJ2ZK
B00IZGD864,All the Light We Cannot See,Anthony Doerr,Zach Appelman,660,11.00,15.99,4.6,47200,3.16,1.45,1.07,Yes,Historical Fiction | Literary Fiction | Fiction,https://m.media-amazon.com/images/I/51yYP57jLzL._SL500_.jpg,https://www.amazon.com/dp/B00IZGD864
B0752ZQR33,Why We Sleep,Matthew Walker,Steve West,660,11.00,15.99,4.6,19800,3.16,1.45,1.07,Yes,Health | Science | Non-Fiction,https://m.media-amazon.com/images/I/51-zooqOoeL._SL500_.jpg,https://www.amazon.com/dp/B0752ZQR33
B002V8KTYG,Born to Run,Christopher McDougall,Fred Sanders,660,11.00,15.99,4.6,14200,3.16,1.45,1.07,Yes,Sports | Non-Fiction,https://m.media-amazon.com/images/I/51mSNTKUBML._SL500_.jpg,https://www.amazon.com/dp/B002V8KTYG
B007EZKMP2,The Song of Achilles,Madeline Miller,Frazer Douglas,600,10.00,14.99,4.7,22100,3.14,1.50,1.00,Yes,Fantasy | Mythology | Historical Fiction | Fiction,https://m.media-amazon.com/images/I/61DfFK65gwL._SL500_.jpg,https://www.amazon.com/dp/B007EZKMP2
0593507533,Lessons in Chemistry,Bonnie Garmus,Miriam Rutherford,600,10.00,14.99,4.7,42900,3.14,1.50,1.00,Yes,Literary Fiction | Historical Fiction | Fiction,https://m.media-amazon.com/images/I/41tCNqHzHfL._SL500_.jpg,https://www.amazon.com/dp/0593507533
B008NB9GIU,The Handmaid's Tale,Margaret Atwood,Claire Danes,660,11.00,15.99,4.5,35900,3.10,1.45,1.07,Yes,Dystopian | Science Fiction | Literary Fiction | Fiction,https://m.media-amazon.com/images/I/51WR0HyEu9L._SL500_.jpg,https://www.amazon.com/dp/B008NB9GIU
PENDING_0003,In the Woods,Tana French,,1140,19.00,24.54,4.0,3029,3.10,1.29,1.64,Yes,Mystery | Thriller | Fiction,,
PENDING_0005,The Scorch Trials,James Dashner,,1080,18.00,22.79,3.9,2429,3.08,1.27,1.52,Yes,Young Adult | Dystopian | Fiction,,
B09SS8STH8,Carrie Soto Is Back,Taylor Jenkins Reid,Julia Whelan,600,10.00,14.99,4.6,16700,3.07,1.50,1.00,Yes,Literary Fiction | Sports | Fiction,https://m.media-amazon.com/images/I/41NlVbDci1L._SL500_.jpg,https://www.amazon.com/dp/B09SS8STH8
B0B5M28HZK,Edgedancer,Brandon Sanderson,Kate Reading,660,11.00,16.99,4.7,15200,3.04,1.54,1.14,Yes,Fantasy | Fiction,https://m.media-amazon.com/images/I/51xoSh3ZbOL._SL500_.jpg,https://www.amazon.com/dp/B0B5M28HZK
B005HIR9VI,The Night Circus,Erin Morgenstern,Jim Dale,720,12.00,16.99,4.3,21400,3.04,1.42,1.14,Yes,Fantasy | Romance | Fiction,https://m.media-amazon.com/images/I/51iML7T0PvL._SL500_.jpg,https://www.amazon.com/dp/B005HIR9VI
B09Q3DNCM1,Good Omens,"Neil Gaiman, Terry Pratchett","Adjoa Andoh, Allan Corduner, Arthur Darvill, Chris Nelson, David Tennant, Ferdinand Frisby Williams, Gabrielle Glaister, Josh Hopkins, Katherine Kingsley, Kobna Holdbrook-Smith, Lemn Sissay, Lorelei King, Louis Davison, Matt Reeves, Michael Sheen",734,12.23,20.31,5.0,15,3.01,1.66,1.36,Yes,Fantasy | Humor | Fiction,https://m.media-amazon.com/images/I/51QEc1B+aoL._SL500_.jpg,https://www.amazon.com/dp/B09Q3DNCM1
0008433844,The Hobbit,J.R.R. Tolkien,Andy Serkis,600,10.00,15.99,4.8,64500,3.00,1.60,1.07,Yes,Fantasy | Classic | Fiction,https://m.media-amazon.com/images/I/51J-2rThQ9L._SL500_.jpg,https://www.amazon.com/dp/0008433844
B082BHJMFF,The Martian,Andy Weir,R.C. Bray,684,11.40,17.99,4.7,78300,2.98,1.58,1.20,Yes,Science Fiction | Adventure | Fiction,https://m.media-amazon.com/images/I/414J3xG+7+L._SL500_.jpg,https://www.amazon.com/dp/B082BHJMFF
B00A4OPH0U,Mastery,Robert Greene,Fred Sanders,969,16.15,24.46,4.5,891,2.97,1.51,1.64,Yes,Self-Help | Business | Psychology,https://m.media-amazon.com/images/I/41y9IkSGfwL._SL500_.jpg,https://www.amazon.com/dp/B00A4OPH0U
B0773W3MZW,The Woman in the Window,A.J. Finn,Ann Marie Lee,660,11.00,15.99,4.3,24600,2.96,1.45,1.07,Yes,Thriller | Mystery | Fiction,https://m.media-amazon.com/images/I/5177BkBe6IL._SL500_.jpg,https://www.amazon.com/dp/B0773W3MZW
1984845306,Daisy Jones & The Six,Taylor Jenkins Reid,Full Cast,540,9.00,13.99,4.6,38200,2.96,1.55,0.94,No,Historical Fiction | Literary Fiction | Fiction,https://m.media-amazon.com/images/I/51eGdX9H7eL._SL500_.jpg,https://www.amazon.com/dp/1984845306
1984845349,Malibu Rising,Taylor Jenkins Reid,Julia Whelan,600,10.00,14.99,4.4,18900,2.94,1.50,1.00,Yes,Literary Fiction | Historical Fiction | Fiction,https://m.media-amazon.com/images/I/51AOAZMD37L._SL500_.jpg,https://www.amazon.com/dp/1984845349
B002V1O7D2,Old Man's War,John Scalzi,William Dufris,595,9.92,15.19,4.5,1522,2.94,1.53,1.02,Yes,Science Fiction | Space Opera | Fiction,https://m.media-amazon.com/images/I/5101IFXo3+L._SL500_.jpg,https://www.amazon.com/dp/B002V1O7D2
B01N2PF84R,The Bear and the Nightingale,Katherine Arden,Kathleen Gati,708,11.80,18.16,4.5,648,2.92,1.54,1.21,Yes,Fantasy | Historical Fiction | Fiction,https://m.media-amazon.com/images/I/51WxjilZBBL._SL500_.jpg,https://www.amazon.com/dp/B01N2PF84R
B002V57VRC,Children of Dune,Frank Herbert,"Scott Brick, Simon Vance, cast",660,11.00,16.99,4.5,16800,2.91,1.54,1.14,Yes,Science Fiction | Classic | Fiction,https://m.media-amazon.com/images/I/51Vi0xHNn8L._SL500_.jpg,https://www.amazon.com/dp/B002V57VRC
B00NUA927Y,Callie & Rebecca,Janet Whitehead,,960,16.00,22.65,4.1,3202,2.90,1.42,1.52,Yes,Mystery | Classic | Fiction,,https://www.amazon.com/dp/B00NUA927Y
B01CRM17MS,Shoe Dog,Phil Knight,Norbert Leo Butz,801,13.35,23.11,5.0,3969,2.89,1.73,1.55,Yes,Business | Memoir | Biography,https://m.media-amazon.com/images/I/51SGjt9pPlL._SL500_.jpg,https://www.amazon.com/dp/B01CRM17MS
B003UDDK7O,Good to Great,Jim Collins,Jim Collins,600,10.00,15.99,4.6,15600,2.88,1.60,1.07,Yes,Business | Non-Fiction,https://m.media-amazon.com/images/I/41tCQsn8UGL._SL500_.jpg,https://www.amazon.com/dp/B003UDDK7O
B007WU26KI,Bring Up the Bodies,Hilary Mantel,Simon Vance,874,14.57,22.96,4.5,145,2.85,1.58,1.54,Yes,Historical Fiction | Fiction | Biography,https://m.media-amazon.com/images/I/51Y6UvnW+CL._SL500_.jpg,https://www.amazon.com/dp/B007WU26KI
FINAL_0004,The Republic,Plato,,600,10.00,14.85,4.2,3374,2.83,1.49,0.99,No,Non-Fiction | Philosophy | Classic,,
FINAL_0002,The Rise and Fall of the Third Reich,William L. Shirer,,720,12.00,17.89,4.2,765,2.82,1.49,1.20,Yes,Non-Fiction | History | Biography,,
B002V8H660,Dune Messiah,Frank Herbert,"Scott Brick, Katherine Kellgren, cast",600,10.00,15.99,4.4,19300,2.75,1.60,1.07,Yes,Science Fiction | Classic | Fiction,https://m.media-amazon.com/images/I/41dcXp9bIoL._SL500_.jpg,https://www.amazon.com/dp/B002V8H660
8420439258,The Silent Patient,Alex Michaelides,"Jack Hawkins, Louise Brealey",510,8.50,13.99,4.5,48300,2.73,1.65,0.94,No,Thriller | Mystery | Fiction,https://m.media-amazon.com/images/I/41nbn2tr6hL._SL500_.jpg,https://www.amazon.com/dp/8420439258
B01D3AC5BA,Grit: The Power of Passion and Perseverance,Angela Duckworth,Angela Duckworth,540,9.00,14.99,4.5,16700,2.70,1.67,1.00,Yes,Psychology | Self-Help | Non-Fiction,https://m.media-amazon.com/images/I/51l+lXgYBqL._SL500_.jpg,https://www.amazon.com/dp/B01D3AC5BA
B0F1DLYWH3,Elantris: Tenth Anniversary Author's Definitive Edition (1 of 2) [Dramatized Adaptation],Brandon Sanderson,"Full Cast, James Konicek, Danny Gavigan, Jenna Sharpe, Thomas Penny, Richard Rohan, Mort Shelby, Steven Carpenter, Wyn Delano, Christopher Williams, Anthony Palmini, Megan Dominy",805,13.42,22.35,4.5,7,2.70,1.67,1.49,Yes,Fantasy | Epic Fantasy | Fiction,https://m.media-amazon.com/images/I/51bDr6f5ggL._SL500_.jpg,https://www.amazon.com/dp/B0F1DLYWH3
FINAL_0005,Beyond Good and Evil,Friedrich Nietzsche,,660,11.00,17.52,4.3,2068,2.70,1.59,1.17,Yes,Non-Fiction | Philosophy | Classic,,
FINAL_0009,Delivering Happiness,Tony Hsieh,,660,11.00,16.69,4.1,2170,2.70,1.52,1.12,Yes,Business | Memoir | Self-Help,,
B003IEQE1Y,Anne Frank: The Diary of a Young Girl,Anne Frank,Selma Blair,595,9.92,18.62,5.0,534,2.66,1.88,1.25,Yes,Biography | Memoir | History,https://m.media-amazon.com/images/I/51FeSmUzbRL._SL500_.jpg,https://www.amazon.com/dp/B003IEQE1Y
B004XMPFLK,Divergent,Veronica Roth,Emma Galvin,671,11.18,18.96,4.5,1594,2.65,1.70,1.27,Yes,Young Adult | Dystopian | Fiction,https://m.media-amazon.com/images/I/51uSr26fdJL._SL500_.jpg,https://www.amazon.com/dp/B004XMPFLK
B0055DNUZ4,Miss Peregrine's Home for Peculiar Children,Ransom Riggs,Jesse Bernstein,582,9.70,16.53,4.5,1139,2.64,1.70,1.11,Yes,Young Adult | Fantasy | Fiction,https://m.media-amazon.com/images/I/51YXA41NbwL._SL500_.jpg,https://www.amazon.com/dp/B0055DNUZ4
B003D8W5VS,Foundation,Isaac Asimov,Scott Brick,510,8.50,14.99,4.5,34800,2.55,1.76,1.00,Yes,Science Fiction | Classic | Fiction,https://m.media-amazon.com/images/I/61iNtg+iyIL._SL500_.jpg,https://www.amazon.com/dp/B003D8W5VS
B002V5CW08,Robinson Crusoe,Daniel Defoe,Simon Vance,610,10.17,17.99,4.5,257,2.54,1.77,1.20,Yes,Fiction | Classic | Adventure,https://m.media-amazon.com/images/I/51iuWNwD72L._SL500_.jpg,https://www.amazon.com/dp/B002V5CW08
B00B28TI48,In the Blink of an Eye,Wendy Corsi Staub,Allyson Ryan,756,12.60,22.56,4.5,11,2.51,1.79,1.51,Yes,Non-Fiction | Psychology | Business,https://m.media-amazon.com/images/I/510QsqNpnNL._SL500_.jpg,https://www.amazon.com/dp/B00B28TI48
B0FD4CV4BF,The Power of Habit,Charles Duhigg,Mike Chamberlain,600,10.00,17.99,4.5,28400,2.50,1.80,1.20,Yes,Self-Help | Business | Psychology | Non-Fiction,https://m.media-amazon.com/images/I/41rjlWslqlL._SL500_.jpg,https://www.amazon.com/dp/B0FD4CV4BF
B002VAA6ZQ,Twilight,Stephenie Meyer,Ilyana Kadushin,771,12.85,23.14,4.5,1352,2.50,1.80,1.55,Yes,Young Adult | Romance | Fantasy,https://m.media-amazon.com/images/I/41B-yIDjlHL._SL500_.jpg,https://www.amazon.com/dp/B002VAA6ZQ
B00BIKAVHS,World War Z: The Complete Edition,Max Brooks,Various,729,12.15,22.07,4.5,1952,2.48,1.82,1.48,Yes,Horror | Apocalyptic | Fiction,https://m.media-amazon.com/images/I/51XIFVj++8L._SL500_.jpg,https://www.amazon.com/dp/B00BIKAVHS
9500763729,How to Win Friends and Influence People,Dale Carnegie,Andrew MacMillan,480,8.00,14.99,4.6,48200,2.45,1.87,1.00,Yes,Self-Help | Business | Non-Fiction,https://m.media-amazon.com/images/I/51ZtBjSuKQL._SL500_.jpg,https://www.amazon.com/dp/9500763729
B002V1LGZE,The E-Myth Revisited,Michael E. Gerber,Michael E. Gerber,480,8.00,14.99,4.6,12400,2.45,1.87,1.00,Yes,Business | Non-Fiction,https://m.media-amazon.com/images/I/51oeJ1g3rmL._SL500_.jpg,https://www.amazon.com/dp/B002V1LGZE
B0H8ZLNCLY,Deep Work,Cal Newport,Jeff Bottoms,480,8.00,14.99,4.6,17900,2.45,1.87,1.00,Yes,Self-Help | Business | Non-Fiction,https://m.media-amazon.com/images/I/4189leLwpkL._SL500_.jpg,https://www.amazon.com/dp/B0H8ZLNCLY
0593291352,Leaders Eat Last,Simon Sinek,Simon Sinek,480,8.00,14.99,4.6,13900,2.45,1.87,1.00,Yes,Business | Non-Fiction,https://m.media-amazon.com/images/I/516OBygEerL._SL500_.jpg,https://www.amazon.com/dp/0593291352
B07DJYBXNC,Dare to Lead,Brene Brown,Brene Brown,480,8.00,14.99,4.6,16700,2.45,1.87,1.00,Yes,Self-Help | Business | Non-Fiction,https://m.media-amazon.com/images/I/41jpUR12hQL._SL500_.jpg,https://www.amazon.com/dp/B07DJYBXNC
0593150422,Mindset: The New Psychology of Success,Carol S. Dweck,Marguerite Gavin,480,8.00,14.99,4.6,18900,2.45,1.87,1.00,Yes,Psychology | Self-Help | Non-Fiction,https://m.media-amazon.com/images/I/41ENTiGcWcL._SL500_.jpg,https://www.amazon.com/dp/0593150422
1797108263,A Man Called Ove,Fredrik Backman,J. K. Simmons,553,9.22,18.92,5.0,2897,2.44,2.05,1.27,Yes,Literary Fiction | Contemporary | Fiction,https://m.media-amazon.com/images/I/51zZCuo3laL._SL500_.jpg,https://www.amazon.com/dp/1797108263
FINAL_0010,David and Goliath,Malcolm Gladwell,,600,10.00,17.38,4.2,2270,2.42,1.74,1.16,Yes,Non-Fiction | Psychology | Business,,
B07LGF8TCJ,Digital Minimalism,Cal Newport,Will Damron,480,8.00,14.99,4.5,11300,2.40,1.87,1.00,Yes,Self-Help | Technology | Non-Fiction,https://m.media-amazon.com/images/I/51KzXfk6-hL._SL500_.jpg,https://www.amazon.com/dp/B07LGF8TCJ
B00VSEM9QK,Rising Strong,Brené Brown,Brené Brown,531,8.85,18.45,5.0,1198,2.40,2.08,1.23,Yes,Self-Help | Psychology | Business,https://m.media-amazon.com/images/I/51SwsjLMjlL._SL500_.jpg,https://www.amazon.com/dp/B00VSEM9QK
B0H5MWSKF4,To the Lighthouse: A Profound Tale of Memory and Loss,Virginia Woolf,Samantha Cheung,427,7.12,14.88,5.0,38,2.39,2.09,1.00,No,Fiction | Classic | Literary Fiction,https://m.media-amazon.com/images/I/51M8gX1jM9L._SL500_.jpg,https://www.amazon.com/dp/B0H5MWSKF4
FINAL_0000,The Expanse: Leviathan Wakes,James S.A. Corey,,660,11.00,17.97,3.9,2658,2.39,1.63,1.20,Yes,Science Fiction | Space Opera | Fiction,,
179976172X,Twenty Thousand Leagues Under the Sea (AmazonClassics Edition),"Jules Verne, Lewis Page Mercier - translator",James Langton,702,11.70,22.12,4.5,3,2.38,1.89,1.48,Yes,Fiction | Classic | Science Fiction,https://m.media-amazon.com/images/I/41lvidNhnhL._SL500_.jpg,https://www.amazon.com/dp/179976172X
B002V8H28C,Fooled by Randomness,Nassim Nicholas Taleb,Sean Pratt,603,10.05,19.07,4.5,282,2.37,1.90,1.28,Yes,Non-Fiction | Economics | Business,https://m.media-amazon.com/images/I/51FHLHfTCBL._SL500_.jpg,https://www.amazon.com/dp/B002V8H28C
B019NNU7XE,The Dark Tower I: The Gunslinger,Stephen King,George Guidall,480,8.00,14.99,4.4,28500,2.35,1.87,1.00,Yes,Fantasy | Horror | Western | Fiction,https://m.media-amazon.com/images/I/41AoF-lTijL._SL500_.jpg,https://www.amazon.com/dp/B019NNU7XE
B002V1BVK4,Brave New World,Aldous Huxley,Michael York,480,8.00,14.99,4.4,31200,2.35,1.87,1.00,Yes,Classic | Dystopian | Science Fiction | Fiction,https://m.media-amazon.com/images/I/51PpzUbiLeL._SL500_.jpg,https://www.amazon.com/dp/B002V1BVK4
B005QR30H2,The Four Hour Workweek,Timothy Ferriss,Timothy Ferriss,480,8.00,14.99,4.4,24300,2.35,1.87,1.00,Yes,Self-Help | Business | Non-Fiction,https://m.media-amazon.com/images/I/41+sITHP29L._SL500_.jpg,https://www.amazon.com/dp/B005QR30H2
B0030MV7MU,The Happiness Project,Gretchen Rubin,Gretchen Rubin,615,10.25,17.55,4.0,348,2.34,1.71,1.17,Yes,Self-Help | Psychology | Memoir,https://m.media-amazon.com/images/I/51KykXsSy5L._SL500_.jpg,https://www.amazon.com/dp/B0030MV7MU
B005ZUI3OA,The Alloy of Law,Brandon Sanderson,Michael Kramer,648,10.80,20.93,4.5,1390,2.32,1.94,1.40,Yes,Fantasy | Epic Fantasy | Fiction,https://m.media-amazon.com/images/I/51VNzOolx+L._SL500_.jpg,https://www.amazon.com/dp/B005ZUI3OA
B01GGKQVFU,It Ends with Us,Colleen Hoover,Olivia Song,678,11.30,22.04,4.5,9459,2.31,1.95,1.47,Yes,Romance | Contemporary | Fiction,https://m.media-amazon.com/images/I/514AlIuBkKL._SL500_.jpg,https://www.amazon.com/dp/B01GGKQVFU
B0F71ZM8YL,Start With Why,Simon Sinek,Simon Sinek,420,7.00,13.99,4.6,21300,2.30,2.00,0.94,No,Business | Non-Fiction,https://m.media-amazon.com/images/I/41U8k2KOgFL._SL500_.jpg,https://www.amazon.com/dp/B0F71ZM8YL
B0FHF71C6Z,Meditations,Marcus Aurelius,Duncan Steen,390,6.50,12.99,4.6,18500,2.30,2.00,0.87,No,Philosophy | Non-Fiction,https://m.media-amazon.com/images/I/41kHfrjdUCL._SL500_.jpg,https://www.amazon.com/dp/B0FHF71C6Z
B002UZHP1U,His Dark Materials: The Subtle Knife (Book 2),Philip Pullman,"Philip Pullman, Full Cast",535,8.92,17.42,4.5,374,2.30,1.95,1.17,Yes,Young Adult | Fantasy | Fiction,https://m.media-amazon.com/images/I/518+4ft8E+L._SL500_.jpg,https://www.amazon.com/dp/B002UZHP1U
B07HMJSJG5,"Red, White & Royal Blue",Casey McQuiston,Ramon de Ocampo,735,12.25,24.39,4.5,1376,2.26,1.99,1.63,Yes,Romance | Humor | Fiction,https://m.media-amazon.com/images/I/51Su7WOGTzL._SL500_.jpg,https://www.amazon.com/dp/B07HMJSJG5
B002V5GOHA,Freakonomics,"Steven D. Levitt, Stephen J. Dubner",Stephen J. Dubner,471,7.85,16.00,4.5,453,2.21,2.04,1.07,Yes,Non-Fiction | Economics | Business,https://m.media-amazon.com/images/I/51CUvlxvifL._SL500_.jpg,https://www.amazon.com/dp/B002V5GOHA
0062888447,Everything Is F*cked: A Book About Hope,Mark Manson,Mark Manson,420,7.00,13.99,4.4,14100,2.20,2.00,0.94,No,Self-Help | Philosophy | Non-Fiction,https://m.media-amazon.com/images/I/41bCM4MVCsL._SL500_.jpg,https://www.amazon.com/dp/0062888447
B002V0GCE0,Predictably Irrational,Dan Ariely,Simon Jones,442,7.37,15.20,4.5,549,2.18,2.06,1.02,Yes,Self-Help | Psychology | Business,https://m.media-amazon.com/images/I/51zvOkieKjL._SL500_.jpg,https://www.amazon.com/dp/B002V0GCE0
B00QXW5GYY,The Girl on the Train,Paula Hawkins,"Clare Corbett, Louise Brealey, India Fisher",658,10.97,22.81,4.5,9087,2.16,2.08,1.53,Yes,Mystery | Thriller | Fiction,https://m.media-amazon.com/images/I/51sKhh+VEML._SL500_.jpg,https://www.amazon.com/dp/B00QXW5GYY
B0F3432DNS,The Catcher in the Rye,J.D. Salinger,Ray Hagen,420,7.00,13.99,4.3,38400,2.15,2.00,0.94,No,Literary Fiction | Classic | Fiction,https://m.media-amazon.com/images/I/31JG3OPmTlL._SL500_.jpg,https://www.amazon.com/dp/B0F3432DNS
B0FK6XSCNM,Warbreaker: Tenth Anniversary Edition (1 of 2) [Dramatized Adaptation],Brandon Sanderson,"Full Cast, Danny Montooth, Christopher Tester, Colleen Delany, Danny Gavigan, David Ault, Deepa Samuel, Donald Guzzi, Eric Messner, Kymberley Cochrane, Marlon Dance-Hooi, Scott McCormick",628,10.47,19.46,4.0,2,2.15,1.86,1.30,Yes,Fantasy | Epic Fantasy | Fiction,https://m.media-amazon.com/images/I/51cW-70PhFL._SL500_.jpg,https://www.amazon.com/dp/B0FK6XSCNM
B01LWUJKQ7,Norse Mythology,Neil Gaiman,Neil Gaiman,390,6.50,13.99,4.6,23800,2.14,2.15,0.94,No,Mythology | Fantasy | Non-Fiction,https://m.media-amazon.com/images/I/61D9CcNEoVL._SL500_.jpg,https://www.amazon.com/dp/B01LWUJKQ7
B07SJH4SXZ,The Secret Garden,Frances Hodgson Burnett,Carrie Hope Fletcher,458,7.63,17.87,5.0,1184,2.14,2.34,1.20,Yes,Fiction | Classic | Young Adult,https://m.media-amazon.com/images/I/61oX8-rVL8L._SL500_.jpg,https://www.amazon.com/dp/B07SJH4SXZ
B07Q769RZS,Verity,Colleen Hoover,"Vanessa Johansson, Amy Landon",490,8.17,17.22,4.5,15391,2.13,2.11,1.15,Yes,Romance | Thriller | Fiction,https://m.media-amazon.com/images/I/41xU31AS-BL._SL500_.jpg,https://www.amazon.com/dp/B07Q769RZS
B00JLOJ04I,Bird Box,Josh Malerman,Cassandra Campbell,548,9.13,19.41,4.5,738,2.12,2.13,1.30,Yes,Horror | Apocalyptic | Fiction,https://m.media-amazon.com/images/I/514PjQiN21L._SL500_.jpg,https://www.amazon.com/dp/B00JLOJ04I
B002UZKX5K,Oryx and Crake,Margaret Atwood,Campbell Scott,630,10.50,23.04,4.5,479,2.05,2.19,1.54,Yes,Science Fiction | Dystopian | Fiction,https://m.media-amazon.com/images/I/51fav0IFu5L._SL500_.jpg,https://www.amazon.com/dp/B002UZKX5K
PENDING_0000,I Am Malala,Malala Yousafzai,,720,12.00,24.70,4.2,742,2.04,2.06,1.65,Yes,Biography | Memoir | History,,
B0D5RH8MTX,Revenge of the Tipping Point,Malcolm Gladwell,Malcolm Gladwell,505,8.42,18.74,4.5,791,2.02,2.23,1.25,Yes,Non-Fiction | Psychology | Business,https://m.media-amazon.com/images/I/41tzpa44XrL._SL500_.jpg,https://www.amazon.com/dp/B0D5RH8MTX
059334023X,The Midnight Library,Matt Haig,Carey Mulligan,530,8.83,19.65,4.5,6850,2.02,2.22,1.31,Yes,Literary Fiction | Contemporary | Fiction,https://m.media-amazon.com/images/I/419rQcegOyL._SL500_.jpg,https://www.amazon.com/dp/059334023X
B01NH0D987,The Left Hand of Darkness,Ursula K. Le Guin,George Guidall,579,9.65,19.37,4.0,387,1.99,2.01,1.30,Yes,Science Fiction | Classic | Fiction,https://m.media-amazon.com/images/I/41Y2-V4+aTL._SL500_.jpg,https://www.amazon.com/dp/B01NH0D987
197869167X,Rich Dad Poor Dad,Robert T. Kiyosaki,Tim Wheeler,336,5.60,12.99,4.6,31700,1.98,2.32,0.87,No,Self-Help | Business | Non-Fiction,https://m.media-amazon.com/images/I/51NuMV9SJ8L._SL500_.jpg,https://www.amazon.com/dp/197869167X
B002UZLF2U,Rendezvous with Rama,Arthur C. Clarke,"Peter Ganim, Robert J. Sawyer - introduction",544,9.07,20.65,4.5,850,1.98,2.28,1.38,Yes,Science Fiction | Classic | Fiction,https://m.media-amazon.com/images/I/51Vy93+z4UL._SL500_.jpg,https://www.amazon.com/dp/B002UZLF2U
B07LCV3R2F,The Color Purple,Alice Walker,Alice Walker,478,7.97,20.16,5.0,560,1.98,2.53,1.35,Yes,Literary Fiction | Historical Fiction | Fiction,https://m.media-amazon.com/images/I/51eI2s8oSxL._SL500_.jpg,https://www.amazon.com/dp/B07LCV3R2F
B002V08GGC,Shutter Island,Dennis Lehane,Tom Stechschulte,575,9.58,21.88,4.5,246,1.97,2.28,1.46,Yes,Mystery | Thriller | Fiction,https://m.media-amazon.com/images/I/41qtcYIf9VL._SL500_.jpg,https://www.amazon.com/dp/B002V08GGC
B002V8OCCQ,The Maze Runner,James Dashner,Mark Deakins,650,10.83,24.78,4.5,789,1.97,2.29,1.66,Yes,Young Adult | Dystopian | Fiction,https://m.media-amazon.com/images/I/61GZlFOqaPL._SL500_.jpg,https://www.amazon.com/dp/B002V8OCCQ
FINAL_0011,The Paradox of Choice,Barry Schwartz,,600,10.00,19.92,3.9,3460,1.96,1.99,1.33,Yes,Self-Help | Psychology | Science,,
B00IWZ6XGA,Essentialism,Greg McKeown,Greg McKeown,360,6.00,13.99,4.5,14600,1.93,2.33,0.94,No,Self-Help | Business | Non-Fiction,https://m.media-amazon.com/images/I/513RraOM6jL._SL500_.jpg,https://www.amazon.com/dp/B00IWZ6XGA
B0057HR4E6,Neuromancer,William Gibson,Robertson Dean,631,10.52,24.58,4.5,579,1.93,2.34,1.64,Yes,Science Fiction | Cyberpunk | Fiction,https://m.media-amazon.com/images/I/51vkqHfvAyL._SL500_.jpg,https://www.amazon.com/dp/B0057HR4E6
B01GQO98WE,The 5 Love Languages of Children,"Gary Chapman, Ross Campbell",Chris Fabry,348,5.80,15.01,5.0,309,1.93,2.59,1.00,Yes,Self-Help | Relationships | Psychology,https://m.media-amazon.com/images/I/61BncG7N3eL._SL500_.jpg,https://www.amazon.com/dp/B01GQO98WE
B0H7D6F54D,A Farewell to Arms,Ernest Hemingway,Museum Audiobooks Cast,553,9.22,20.03,4.2,2054,1.93,2.17,1.34,Yes,Fiction | Classic | Literary Fiction,https://m.media-amazon.com/images/I/51FdirHPCpL._SL500_.jpg,https://www.amazon.com/dp/B0H7D6F54D
B00A8K96MK,Shadow and Bone,Leigh Bardugo,Lauren Fortgang,561,9.35,22.24,4.5,733,1.89,2.38,1.49,Yes,Fantasy | Young Adult | Fiction,https://m.media-amazon.com/images/I/514TYfBlfqS._SL500_.jpg,https://www.amazon.com/dp/B00A8K96MK
B002V8HIQ8,The Sun Also Rises,"Ernest Hemingway, Colm Toibin - introduction",William Hurt,466,7.77,16.64,4.0,489,1.87,2.14,1.11,Yes,Fiction | Classic | Literary Fiction,https://m.media-amazon.com/images/I/51rq8p+kLvL._SL500_.jpg,https://www.amazon.com/dp/B002V8HIQ8
0593214218,Beach Read,Emily Henry,Julia Whelan,613,10.22,24.65,4.5,1254,1.87,2.41,1.65,Yes,Romance | Humor | Fiction,https://m.media-amazon.com/images/I/413+LofJZSL._SL500_.jpg,https://www.amazon.com/dp/0593214218
0063034336,Anxious People \ Gente ansiosa,Fredrik Backman,Alicia Lobo,589,9.82,23.70,4.5,16,1.86,2.41,1.59,Yes,Literary Fiction | Humor | Fiction,https://m.media-amazon.com/images/I/51VgWT-j3jL._SL500_.jpg,https://www.amazon.com/dp/0063034336
B0CYNPSBNG,Man's Search for Meaning,Viktor E. Frankl,Simon Vance,280,4.67,11.99,4.7,36800,1.83,2.57,0.80,No,Psychology | Philosophy | Non-Fiction,https://m.media-amazon.com/images/I/41sXcxx8g0L._SL500_.jpg,https://www.amazon.com/dp/B0CYNPSBNG
B00ENJ4J1K,Murder on the Orient Express,Agatha Christie,Dan Stevens,397,6.62,16.26,4.5,822,1.83,2.46,1.09,Yes,Mystery | Classic | Fiction,https://m.media-amazon.com/images/I/51Pi2FzGF0L._SL500_.jpg,https://www.amazon.com/dp/B00ENJ4J1K
B0GZ8KF891,Born a Crime,Trevor Noah,Trevor Noah,524,8.73,23.81,5.0,39,1.83,2.73,1.59,Yes,Biography | Memoir | Humor,https://m.media-amazon.com/images/I/51r3+VVKJlL._SL500_.jpg,https://www.amazon.com/dp/B0GZ8KF891
B002V8KNLK,Lord of the Flies,William Golding,William Golding,395,6.58,16.31,4.5,727,1.82,2.48,1.09,Yes,Dystopian | Classic | Fiction,https://m.media-amazon.com/images/I/417LqdMtTDL._SL500_.jpg,https://www.amazon.com/dp/B002V8KNLK
B0F9LMYQ7C,The Daily Stoic,"Ryan Holiday, Stephen Hanselman",Ryan Holiday,300,5.00,12.99,4.6,13200,1.77,2.60,0.87,No,Philosophy | Self-Help | Non-Fiction,https://m.media-amazon.com/images/I/41wla2wSRAL._SL500_.jpg,https://www.amazon.com/dp/B0F9LMYQ7C
1984843338,Normal People,Sally Rooney,Aoife McMahon,454,7.57,17.14,4.0,625,1.77,2.27,1.15,Yes,Romance | Contemporary | Fiction,https://m.media-amazon.com/images/I/51Qn5V0jGXL._SL500_.jpg,https://www.amazon.com/dp/1984843338
B00FQRCM9O,Frankenstein,Mary Shelley,Dan Stevens,515,8.58,21.94,4.5,1769,1.76,2.56,1.47,Yes,Classic | Horror | Science Fiction,https://m.media-amazon.com/images/I/5127OtHzHuL._SL500_.jpg,https://www.amazon.com/dp/B00FQRCM9O
B002V0PN36,The Power of Now,Eckhart Tolle,Eckhart Tolle,457,7.62,19.59,4.5,3716,1.75,2.57,1.31,Yes,Self-Help | Spirituality | Psychology,https://m.media-amazon.com/images/I/41PvuQY91TL._SL500_.jpg,https://www.amazon.com/dp/B002V0PN36
B002VA3CDO,A Wizard of Earthsea,Ursula K. Le Guin,Rob Inglis,437,7.28,18.72,4.5,437,1.75,2.57,1.25,Yes,Fantasy | Classic | Fiction,https://m.media-amazon.com/images/I/51dYUumvCdL._SL500_.jpg,https://www.amazon.com/dp/B002VA3CDO
B00CRKR77U,The Ocean at the End of the Lane,Neil Gaiman,Neil Gaiman,300,5.00,12.99,4.5,15600,1.73,2.60,0.87,No,Fantasy | Literary Fiction,https://m.media-amazon.com/images/I/51hHoC1-kXL._SL500_.jpg,https://www.amazon.com/dp/B00CRKR77U
B0F4TCT1GK,Fahrenheit 451,Ray Bradbury,Tim Robbins,300,5.00,12.99,4.5,28900,1.73,2.60,0.87,No,Classic | Dystopian | Science Fiction | Fiction,https://m.media-amazon.com/images/I/41RqVZbLa9L._SL500_.jpg,https://www.amazon.com/dp/B0F4TCT1GK
B01HFL1MWG,A Brief History of Time,Stephen Hawking,Michael York,300,5.00,12.99,4.5,16700,1.73,2.60,0.87,No,Science | Non-Fiction,https://m.media-amazon.com/images/I/513UmJY4jbL._SL500_.jpg,https://www.amazon.com/dp/B01HFL1MWG
B005LXV0HI,The Lean Startup,Eric Ries,Eric Ries,300,5.00,12.99,4.5,24800,1.73,2.60,0.87,No,Business | Non-Fiction,https://m.media-amazon.com/images/I/41jkBZCMt3L._SL500_.jpg,https://www.amazon.com/dp/B005LXV0HI
B01I28NFEE,The Subtle Art of Not Giving a F*ck,Mark Manson,Roger Wayne,300,5.00,12.99,4.5,47300,1.73,2.60,0.87,No,Self-Help | Non-Fiction,https://m.media-amazon.com/images/I/51MT0MbpD7L._SL500_.jpg,https://www.amazon.com/dp/B01I28NFEE
B0H5MFHW41,The Great Gatsby,F. Scott Fitzgerald,Jake Gyllenhaal,300,5.00,12.99,4.4,34500,1.69,2.60,0.87,No,Literary Fiction | Classic | Fiction,https://m.media-amazon.com/images/I/51qIn9m+qyL._SL500_.jpg,https://www.amazon.com/dp/B0H5MFHW41
B002V0QF9M,Into Thin Air,Jon Krakauer,Philip Franklin,548,9.13,24.32,4.5,716,1.69,2.66,1.63,Yes,Biography | Adventure | History,https://m.media-amazon.com/images/I/51Rqs7AbmcL._SL500_.jpg,https://www.amazon.com/dp/B002V0QF9M
B002UZJGYY,2001,Arthur C. Clarke,Dick Hill,402,6.70,18.41,4.5,523,1.64,2.75,1.23,Yes,Science Fiction | Classic | Fiction,https://m.media-amazon.com/images/I/41Sd-dVwqdL._SL500_.jpg,https://www.amazon.com/dp/B002UZJGYY
1524779261,Atomic Habits,James Clear,James Clear,312,5.20,14.99,4.7,89400,1.63,2.88,1.00,Yes,Self-Help | Business | Non-Fiction,https://m.media-amazon.com/images/I/513Y5o-DYtL._SL500_.jpg,https://www.amazon.com/dp/1524779261
0593216075,The Big Sleep,Raymond Chandler,Scott Brick,393,6.55,18.05,4.5,74,1.63,2.76,1.21,Yes,Mystery | Classic | Fiction,https://m.media-amazon.com/images/I/41rGUYXd3EL._SL500_.jpg,https://www.amazon.com/dp/0593216075
B09VQ572P3,The Fault in Our Stars,John Green,"Kate Rudd, John Green, Laura Grafton",431,7.18,20.02,4.5,102,1.61,2.79,1.34,Yes,Romance | Young Adult | Fiction,https://m.media-amazon.com/images/I/41x0pn4T3fL._SL500_.jpg,https://www.amazon.com/dp/B09VQ572P3
B0045KX2HY,The Haunting of Hill House,Shirley Jackson,Bernadette Dunne,447,7.45,18.62,4.0,850,1.60,2.50,1.25,Yes,Horror | Classic | Fiction,https://m.media-amazon.com/images/I/61CQ2JfLHDL._SL500_.jpg,https://www.amazon.com/dp/B0045KX2HY
177230882X,Outlier,Annabel Chase,Saskia Maarleveld,420,7.00,19.82,4.5,47,1.59,2.83,1.33,Yes,Non-Fiction | Psychology | Business,https://m.media-amazon.com/images/I/51MinjfWuCL._SL500_.jpg,https://www.amazon.com/dp/177230882X
B07DX9W2CG,Daring Greatly,Brené Brown,Brené Brown,390,6.50,20.40,5.0,1512,1.59,3.14,1.36,Yes,Self-Help | Psychology | Business,https://m.media-amazon.com/images/I/51Jh8M7YUjL._SL500_.jpg,https://www.amazon.com/dp/B07DX9W2CG
B0DMWP98D7,Angels & Demons,John R. Gilhooly,William Sarris,290,4.83,15.30,5.0,1,1.58,3.17,1.02,Yes,Mystery | Thriller | Fiction,https://m.media-amazon.com/images/I/51DFlqrytgL._SL500_.jpg,https://www.amazon.com/dp/B0DMWP98D7
B00I0AJC2Y,The Hard Thing About Hard Things,Ben Horowitz,Kevin Kenerly,477,7.95,23.04,4.5,766,1.55,2.90,1.54,Yes,Business | Technology | Self-Help,https://m.media-amazon.com/images/I/51rQd61RAdL._SL500_.jpg,https://www.amazon.com/dp/B00I0AJC2Y
B00E3U3IB6,Ender's Game Alive: The Full Cast Audioplay,Orson Scott Card,Full Cast Recording,444,7.40,22.03,4.5,1031,1.51,2.98,1.47,Yes,Science Fiction | Space Opera | Fiction,https://m.media-amazon.com/images/I/619lWsxOFvL._SL500_.jpg,https://www.amazon.com/dp/B00E3U3IB6
B00M27LBU2,Zero to One,"Peter Thiel, Blake Masters",Peter Thiel,240,4.00,11.99,4.5,19800,1.50,3.00,0.80,No,Business | Non-Fiction,https://m.media-amazon.com/images/I/41UpV7crlHL._SL500_.jpg,https://www.amazon.com/dp/B00M27LBU2
FINAL_0012,Sapiens,Yuval Noah Harari,,540,9.00,24.17,4.0,2351,1.49,2.69,1.62,Yes,Non-Fiction | History | Science,,
B0191YTGI2,When Breath Becomes Air,"Paul Kalanithi, Lucy Kalanithi, Abraham Verghese - introduction","Sunil Malhotra, Lucy Kalanithi",335,5.58,17.16,4.5,1829,1.46,3.07,1.15,Yes,Biography | Memoir | Science,https://m.media-amazon.com/images/I/319FRYaDFzL._SL500_.jpg,https://www.amazon.com/dp/B0191YTGI2
B004CZ6NJQ,Mrs. Dalloway,Virginia Woolf,Juliet Stevenson,425,7.08,19.40,4.0,112,1.46,2.74,1.30,Yes,Fiction | Classic | Literary Fiction,https://m.media-amazon.com/images/I/51EQNIkHjuL._SL500_.jpg,https://www.amazon.com/dp/B004CZ6NJQ
B002V1J8EU,SuperFreakonomics,"Steven D. Levitt, Stephen J. Dubner",Stephen J. Dubner,448,7.47,23.10,4.5,203,1.45,3.09,1.55,Yes,Non-Fiction | Economics | Business,https://m.media-amazon.com/images/I/51HzCPta9jL._SL500_.jpg,https://www.amazon.com/dp/B002V1J8EU
166612902X,The Shogun's Last Samurai Corps,Romulus Hillsborough,Eric Michael Summerer,444,7.40,20.97,4.0,1,1.41,2.83,1.40,Yes,Historical Fiction | Adventure | Fiction,https://m.media-amazon.com/images/I/51iMyrF9WAL._SL500_.jpg,https://www.amazon.com/dp/166612902X
B072MLGY5S,Treasure Island,"Robert Louis Stevenson, Marty Ross - adaptation","Philip Glenister, Daniel Mays, Catherine Tate, Owen Teale",383,6.38,20.77,4.5,2593,1.38,3.25,1.39,Yes,Fiction | Classic | Adventure,https://m.media-amazon.com/images/I/51CnOU9YOWL._SL500_.jpg,https://www.amazon.com/dp/B072MLGY5S
FINAL_0013,Homo Deus,Yuval Noah Harari,,480,8.00,24.47,4.2,1605,1.37,3.06,1.64,Yes,Non-Fiction | Future | Science,,
B0CNDFJQ7H,The Total Money Makeover,Dave Ramsey,Dave Ramsey,210,3.50,11.99,4.6,28400,1.34,3.43,0.80,No,Self-Help | Business | Non-Fiction,https://m.media-amazon.com/images/I/51Hhr6ipoYL._SL500_.jpg,https://www.amazon.com/dp/B0CNDFJQ7H
B015ELUYL4,Slaughterhouse-Five,Kurt Vonnegut,James Franco,313,5.22,17.74,4.5,1020,1.32,3.40,1.19,Yes,Science Fiction | Classic | Fiction,https://m.media-amazon.com/images/I/51AyV7rsScL._SL500_.jpg,https://www.amazon.com/dp/B015ELUYL4
B0GXXXHGHB,Ego Is the Enemy,Ryan Holiday,Ryan Holiday,336,5.60,19.36,4.5,859,1.30,3.46,1.29,Yes,Self-Help | Philosophy | Business,https://m.media-amazon.com/images/I/41jGk-+Tl0L._SL500_.jpg,https://www.amazon.com/dp/B0GXXXHGHB
B00CYKDYBQ,The Power of Vulnerability,Brene Brown,Brene Brown,180,3.00,10.99,4.7,14200,1.28,3.66,0.74,No,Self-Help | Psychology | Non-Fiction,https://m.media-amazon.com/images/I/51jK8rnRLrL._SL500_.jpg,https://www.amazon.com/dp/B00CYKDYBQ
B00ENI4SS0,And Then There Were None,Agatha Christie,Dan Stevens,361,6.02,21.50,4.5,1314,1.26,3.57,1.44,Yes,Mystery | Classic | Fiction,https://m.media-amazon.com/images/I/514E477GU1L._SL500_.jpg,https://www.amazon.com/dp/B00ENI4SS0
B0FP5TP5VK,Beloved,Francis Chan,Francis Chan,298,4.97,20.18,5.0,24,1.23,4.06,1.35,Yes,Literary Fiction | Historical Fiction | Fiction,https://m.media-amazon.com/images/I/31LyGc6xmwL._SL500_.jpg,https://www.amazon.com/dp/B0FP5TP5VK
B007MPI5BM,"I, Claudius",Robert Graves,"Derek Jacobi, Full Cast, Tom Goodman-Hill",347,5.78,22.95,4.5,24,1.13,3.97,1.54,Yes,Historical Fiction | Classic | Fiction,https://m.media-amazon.com/images/I/51DWEe8ahAL._SL500_.jpg,https://www.amazon.com/dp/B007MPI5BM
B0H9BVGVQK,"I Abandoned My Engagement Because My Sister is a Tragic Heroine, but Somehow I Became Entangled with a Righteous Prince, Vol. 3",Fuyutsuki Koki,Mirai,379,6.32,22.63,3.9,1406,1.09,3.58,1.51,Yes,Non-Fiction | Philosophy | Classic,https://m.media-amazon.com/images/I/51EvcLEGvJL._SL500_.jpg,https://www.amazon.com/dp/B0H9BVGVQK
B0BT54XTLW,The Obstacle Is the Way,Ryan Holiday,Ryan Holiday,278,4.63,19.84,4.5,229,1.05,4.28,1.33,Yes,Self-Help | Philosophy | Business,https://m.media-amazon.com/images/I/41EO0rCC2iL._SL500_.jpg,https://www.amazon.com/dp/B0BT54XTLW
B002V5GL3W,The Godfather's Revenge,Mark Winegardner,Joe Mantegna,369,6.15,20.69,3.5,2,1.04,3.36,1.38,Yes,Mystery | Thriller | Fiction,https://m.media-amazon.com/images/I/51jrRPrKpwL._SL500_.jpg,https://www.amazon.com/dp/B002V5GL3W
B0FBS2CPR7,Pride and Prejudice,"Jane Austen, Lulu Raczka","Marisa Abela, Harris Dickinson, Glenn Close, Marianne Jean-Baptiste, Bill Nighy, Sophie Wilde, Will Poulter, Jessie Buckley, Toheeb Jimoh, Patricia Allison, Bertie Carvel, Leah Harvey, David Gyasi, Rosalind Eleazar, full cast",274,4.57,22.20,5.0,1525,1.03,4.86,1.48,Yes,Classic | Romance | Fiction,https://m.media-amazon.com/images/I/518WZRzMndL._SL500_.jpg,https://www.amazon.com/dp/B0FBS2CPR7
B07Y5G8GHM,Around the World in 80 Days,"Jules Verne, Anna Lea - adaptation","Toby Jones, George Blagden, Don Gilet, Vineeta Rishi",254,4.23,21.33,5.0,307,0.99,5.04,1.43,Yes,Fiction | Classic | Adventure,https://m.media-amazon.com/images/I/51zDin4Z42L._SL500_.jpg,https://www.amazon.com/dp/B07Y5G8GHM
1984843265,Charlotte's Web,"E. B. White, Melissa Sweet - introduction","Meryl Streep, January LaVoy, Kirby Heyborne, MacLeod Andrews, Emily Rankin, Kimberly Farr, Mark Deakins, Lincoln Hoppe, Tavia Gilbert, Robin Miles, Cassandra Campbell, Danny Campbell, Full Cast",242,4.03,20.97,5.0,55,0.96,5.20,1.40,Yes,Fiction | Classic | Children,https://m.media-amazon.com/images/I/51pjdX-AduL._SL500_.jpg,https://www.amazon.com/dp/1984843265
B0036GRJZE,The Invisible Man,H. G. Wells,James Adams,319,5.32,22.09,4.0,119,0.96,4.15,1.48,Yes,Fiction | Classic | Science Fiction,https://m.media-amazon.com/images/I/41vORQPXSKL._SL500_.jpg,https://www.amazon.com/dp/B0036GRJZE
B002UUQUB6,The Giver,Lois Lowry,Ron Rifkin,287,4.78,23.05,4.5,1069,0.93,4.82,1.54,Yes,Young Adult | Dystopian | Classic,https://m.media-amazon.com/images/I/51BU9DLDmyL._SL500_.jpg,https://www.amazon.com/dp/B002UUQUB6
B004TNLOV8,Of Mice and Men,John Steinbeck,Gary Sinise,191,3.18,15.56,4.5,702,0.92,4.89,1.04,Yes,Fiction | Classic | Literary Fiction,https://m.media-amazon.com/images/I/51q+fvot+fL._SL500_.jpg,https://www.amazon.com/dp/B004TNLOV8
B0FWKH93HK,The ABC Murders,"Agatha Christie, Anna Lea - adaptation","Peter Dinklage, Himesh Patel, Sam Claflin, Joel Fry, Rahul Kohli, Lydia West, Ben Hardy",284,4.73,23.71,4.5,639,0.90,5.01,1.59,Yes,Mystery | Classic | Fiction,https://m.media-amazon.com/images/I/513X2oVHRYL._SL500_.jpg,https://www.amazon.com/dp/B0FWKH93HK
B002V8L9MW,The Alienist,Caleb Carr,Edward Herrmann,243,4.05,18.62,4.0,24,0.87,4.60,1.25,Yes,Historical Fiction | Mystery | Thriller,https://m.media-amazon.com/images/I/6165ZZahppL._SL500_.jpg,https://www.amazon.com/dp/B002V8L9MW
B002V0Q4LG,The Alchemist,Paulo Coelho,Jeremy Irons,240,4.00,21.13,4.5,6239,0.85,5.28,1.41,Yes,Literary Fiction | Philosophy | Fiction,https://m.media-amazon.com/images/I/510a46Y-G9L._SL500_.jpg,https://www.amazon.com/dp/B002V0Q4LG
B0H8FBN3FQ,The Nature and Nurture of Narcissism,Peter Salerno PsyD,Peter Salerno PsyD,224,3.73,18.85,4.2,3481,0.83,5.05,1.26,Yes,Non-Fiction | Science | History,https://m.media-amazon.com/images/I/41LqQxIGOXL._SL500_.jpg,https://www.amazon.com/dp/B0H8FBN3FQ
B09NLG87J7,The Princess Bride,William Goldman,Rob Reiner,152,2.53,15.58,4.5,487,0.73,6.15,1.04,Yes,Fantasy | Adventure | Fiction,https://m.media-amazon.com/images/I/41RnPe7Oi1L._SL500_.jpg,https://www.amazon.com/dp/B09NLG87J7
B002V1BPOQ,Winnie-the-Pooh,A. A. Milne,Peter Dennis,166,2.77,17.42,4.5,428,0.71,6.30,1.17,Yes,Fiction | Classic | Children,https://m.media-amazon.com/images/I/51PF3vtsvbL._SL500_.jpg,https://www.amazon.com/dp/B002V1BPOQ
B0H8W3QJ26,The Wonderful Wizard of OZ,L. Frank Baum,"Annette Bening, Phyllis Diller, John Goodman, Robert Guillaume, Mark Hamill, Michael Learned, Mako, The Firesign Theatre, Michelle Trachtenberg",237,3.95,23.53,4.1,2643,0.69,5.96,1.57,Yes,Fiction | Classic | Fantasy,https://m.media-amazon.com/images/I/5155WGxamnL._SL500_.jpg,https://www.amazon.com/dp/B0H8W3QJ26
B015D78L0U,Alice's Adventures in Wonderland,Lewis Carroll,Scarlett Johansson,164,2.73,19.67,4.5,746,0.63,7.20,1.32,Yes,Fiction | Classic | Fantasy,https://m.media-amazon.com/images/I/51ziBffUrxL._SL500_.jpg,https://www.amazon.com/dp/B015D78L0U
B002UZL7XW,The Millionaire Next Door,"Thomas J. Stanley Ph.D. Ph.D., William D. Danko",Cotter Smith,144,2.40,20.37,4.5,29,0.53,8.49,1.36,Yes,Business | Finance | Self-Help,https://m.media-amazon.com/images/I/51c4utCxejL._SL500_.jpg,https://www.amazon.com/dp/B002UZL7XW
B002V8KXHO,The Old Man and the Sea,Ernest Hemingway,Donald Sutherland,148,2.47,22.92,4.5,776,0.48,9.29,1.53,Yes,Fiction | Classic | Literary Fiction,https://m.media-amazon.com/images/I/51QeMyrFZrL._SL500_.jpg,https://www.amazon.com/dp/B002V8KXHO
2897366176,Le petit prince: Édition anniversaire [The Little Prince: Anniversary Edition],Antoine de Saint-Exupéry,"René Gagnon, Élisabeth Gauthier-Pelletier, Catherine Renaud, Tristan Harvey",118,1.97,22.47,5.0,11,0.44,11.43,1.50,Yes,Fiction | Classic | Philosophy,https://m.media-amazon.com/images/I/41e7X+Nm76L._SL500_.jpg,https://www.amazon.com/dp/2897366176
B0C9VM9X46,"2349. 104 Academic Words Reference from ""Francisco Díez-Buzo: Why should you read ""One Hundred Years of Solitude""? | TED Talk""",Gabriel Garcia Marquez,,94,1.57,15.14,4.1,3370,0.42,9.66,1.01,Yes,Fiction | Classic | Literary Fiction,https://m.media-amazon.com/images/I/41fZfd8yeoL._SL500_.jpg,https://www.amazon.com/dp/B0C9VM9X46
B0H9PHNKDL,Flowing & Fertile for Dad’s Boss,Holly Harlowe,Virtual Voice,117,1.95,24.24,3.9,2573,0.31,12.43,1.62,Yes,Self-Help | Psychology | Science,https://m.media-amazon.com/images/I/41uvqfUdT9L._SL500_.jpg,https://www.amazon.com/dp/B0H9PHNKDL
B00URXOQ1E,The Art of War,Sun Tzu,Aidan Gillen,67,1.12,21.65,4.5,1847,0.23,19.39,1.45,Yes,Non-Fiction | Philosophy | Classic,https://m.media-amazon.com/images/I/51EE3GAdmfL._SL500_.jpg,https://www.amazon.com/dp/B00URXOQ1E
B0F6BT2L77,Do Androids Dream of Electric Sheep (1968) (German Version),Philip K. Dick,,18,0.30,22.03,4.2,762,0.06,73.43,1.47,Yes,Science Fiction | Cyberpunk | Fiction,https://m.media-amazon.com/images/I/51fexTANMLL._SL500_.jpg,https://www.amazon.com/dp/B0F6BT2L77
B0C749CC2C,I Am Malala Book Introduction And Marks,Malala Yousafzai,,10,0.17,23.45,4.0,2867,0.03,140.70,1.57,Yes,Biography | Memoir | History,https://m.media-amazon.com/images/I/41vUQjm9MoL._SL500_.jpg,https://www.amazon.com/dp/B0C749CC2C
B0HB7BPWRK,Trump’s Iran Strategy Is Creating Another Forever War,Joe Haldeman,,4,0.07,19.88,4.2,2026,0.01,298.20,1.33,Yes,Science Fiction | Space Opera | Fiction,https://m.media-amazon.com/images/I/41zhxFpqkwL._SL500_.jpg,https://www.amazon.com/dp/B0HB7BPWRK
